alert_id,timestamp,market,tf,setup,direction,entry,stop,target,rr,method,trend_score,conviction,tier,leverage,suggested_hold,rsi,atr,adx,htf_bias,hour,vol_ratio,news_flag,status,result,bars_to_resolution,exit_price,last_rescore_conviction,partial_exit_done,session_id,w7_setup_boost,w7_market_mult,w7_applied_layers,call_id,fired_at,symbol,session,r_planned,channel,outcome,r_result,r_actual,points_result,mfe_r,mae_r,duration_sec,resolved_at,lane,lab_gate
5c98eecaee,2026-09-28T22:00:05.756511+00:00,NQ,1h,VWAP_REJECT_BEAR,SHORT,30556.75,30663.21,30370.0,1.75,swing_level,-6,26,REJECT,,,43.09,109.7998,21.57,LH_LL,22,0.4,0,CLOSED,LOSS,13,30663.21,26,,2026-09-29,,,,#NQ-0928-US,2026-09-28T22:00:05.756511+00:00,CON.F.US.ENQ.Z26,Asia,1.75,lab (not sent),LOSS,-1.0,-1.0,-106.46,1.733,1.052,47153,2026-09-29T11:05:59.329639+00:00,lab,rr_too_low
dc56def287,2026-09-29T01:00:00.111278+00:00,NQ,1h,BREAK_RETEST_BEAR,SHORT,30496.25,30572.4677,30370.0,1.66,swing_level,-6,18,REJECT,,,40.07,103.6693,19.19,LH_LL,1,0.38,0,CLOSED,LOSS,6,30572.4677,18,,2026-09-29,,,,#NQ-0928-H8,2026-09-29T01:00:00.111278+00:00,CON.F.US.ENQ.Z26,Asia,1.66,lab (not sent),LOSS,-1.0,-1.0,-76.2177,1.627,1.164,23171,2026-09-29T07:26:11.264756+00:00,lab,rr_too_low
4c3512ca43,2026-09-29T01:30:07.694270+00:00,BTC,1h,MACD_CROSS_BEAR,SHORT,82782.63,83736.8136,80085.0,2.83,swing_level_sweet,4,35,REJECT,,,39.53,490.2785,21.73,LH_LL,1,0.75,0,CLOSED,LOSS,4,83736.8136,35,,2026-09-29,,,,#BTC-0928-5X,2026-09-29T01:30:07.694270+00:00,BTC/USD,Asia,2.83,lab (not sent),LOSS,-1.0,-1.0,-954.1836,0.0,1.007,16793,2026-09-29T06:10:01.125961+00:00,lab,conviction
cab78ab2cd,2026-09-29T02:02:14.266499+00:00,NQ,15m,VWAP_REJECT_BEAR,SHORT,30496.75,30526.4157,30420.25,2.58,swing_level_sweet,-6,26,REJECT,,,39.83,42.0784,20.09,LH_LL,2,0.11,0,CLOSED,LOSS,1,30526.4157,26,,2026-09-29,,,,#NQ-0928-Y9,2026-09-29T02:02:14.266499+00:00,CON.F.US.ENQ.Z26,Asia,2.58,lab (not sent),LOSS,-1.0,-1.0,-29.6657,0.0,1.374,1202,2026-09-29T02:22:16.576501+00:00,lab,setup_off
29a4d37772,2026-09-29T02:02:14.273719+00:00,NQ,15m,EMA21_PULLBACK_BEAR,SHORT,30496.75,30556.4946,30370.0,2.12,swing_level_sweet,-6,23,REJECT,,,39.83,42.0784,20.09,LH_LL,2,0.11,0,CLOSED,LOSS,18,30556.4946,23,,2026-09-29,,,,#NQ-0928-K8,2026-09-29T02:02:14.273719+00:00,CON.F.US.ENQ.Z26,Asia,2.12,lab (not sent),LOSS,-1.0,-1.0,-59.7446,2.084,1.0,16870,2026-09-29T06:43:24.356491+00:00,lab,conviction
42ab08fdbd,2026-09-29T02:12:15.241038+00:00,NQ,15m,EMA21_PULLBACK_BEAR,SHORT,30489.75,30556.2547,30420.25,1.05,swing_level,-6,23,REJECT,,,38.9,43.3999,20.29,LH_LL,2,0.53,0,CLOSED,WIN,4,30420.25,23,,2026-09-29,,,,#NQ-0928-PY,2026-09-29T02:12:15.241038+00:00,CON.F.US.ENQ.Z26,Asia,1.05,lab (not sent),WIN,1.05,1.045,69.5,1.21,0.718,3848,2026-09-29T03:16:23.349461+00:00,lab,rr_too_low
5adda254de,2026-09-29T02:32:18.204357+00:00,NQ,15m,VWAP_REJECT_BEAR,SHORT,30486.0,30546.2116,30356.75,2.15,swing_level_sweet,-6,26,REJECT,,,38.8,43.5581,21.05,LH_LL,2,0.18,0,CLOSED,LOSS,16,30546.2116,26,,2026-09-29,,,,#NQ-0928-J9,2026-09-29T02:32:18.204357+00:00,CON.F.US.ENQ.Z26,Asia,2.15,lab (not sent),LOSS,-1.0,-1.0,-60.2116,1.889,1.042,14519,2026-09-29T06:34:17.941401+00:00,lab,setup_off
a6cfc0f1ce,2026-09-29T02:32:18.211079+00:00,NQ,15m,EMA21_PULLBACK_BEAR,SHORT,30486.0,30550.5674,30356.75,2.0,swing_level_sweet,-6,23,REJECT,,,38.8,43.5581,21.05,LH_LL,2,0.18,0,CLOSED,LOSS,16,30550.5674,23,,2026-09-29,,,,#NQ-0928-9S,2026-09-29T02:32:18.211079+00:00,CON.F.US.ENQ.Z26,Asia,2.0,lab (not sent),LOSS,-1.0,-1.0,-64.5674,1.762,1.011,14702,2026-09-29T06:37:20.293713+00:00,lab,conviction
6f27047e5a,2026-09-29T02:42:19.458329+00:00,NQ,15m,EMA21_PULLBACK_BEAR,SHORT,30484.0,30550.7496,30370.0,1.71,swing_level,-6,23,REJECT,,,38.53,44.1652,21.22,LH_LL,2,0.67,0,CLOSED,LOSS,15,30550.7496,23,,2026-09-29,,,,#NQ-0928-AE,2026-09-29T02:42:19.458329+00:00,CON.F.US.ENQ.Z26,Asia,1.71,lab (not sent),LOSS,-1.0,-1.0,-66.7496,1.674,1.007,14101,2026-09-29T06:37:20.547921+00:00,lab,rr_too_low
963cd76237,2026-09-29T03:26:24.777812+00:00,NQ,15m,EMA21_PULLBACK_BEAR,SHORT,30474.5,30530.347,30356.75,2.11,swing_level_sweet,-6,23,REJECT,,,41.7,47.1295,25.78,LH_LL,3,0.9,0,CLOSED,LOSS,12,30530.347,23,,2026-09-29,,,,#NQ-0928-5J,2026-09-29T03:26:24.777812+00:00,CON.F.US.ENQ.Z26,Asia,2.11,lab (not sent),LOSS,-1.0,-1.0,-55.847,1.831,1.195,11090,2026-09-29T06:31:15.360038+00:00,lab,conviction
2b22d75b14,2026-09-29T03:26:24.783295+00:00,NQ,15m,BREAK_RETEST_BEAR,SHORT,30474.5,30513.6018,30370.0,2.67,swing_level_sweet,-6,18,REJECT,,,41.7,47.1295,25.78,LH_LL,3,0.9,0,CLOSED,LOSS,12,30513.6018,18,,2026-09-29,,,,#NQ-0928-UD,2026-09-29T03:26:24.783295+00:00,CON.F.US.ENQ.Z26,Asia,2.67,lab (not sent),LOSS,-1.0,-1.0,-39.1018,2.615,1.029,10908,2026-09-29T06:28:12.877683+00:00,lab,conviction
49a936ef54,2026-09-29T03:26:24.806319+00:00,NQ,1h,VWAP_REJECT_BEAR,SHORT,30474.5,30557.6059,30370.0,1.26,swing_level,-6,26,REJECT,,,39.41,100.5297,20.53,LH_LL,3,0.15,0,CLOSED,LOSS,3,30557.6059,26,,2026-09-29,,,,#NQ-0928-5U,2026-09-29T03:26:24.806319+00:00,CON.F.US.ENQ.Z26,Asia,1.26,lab (not sent),LOSS,-1.0,-1.0,-83.1059,1.23,1.005,12548,2026-09-29T06:55:33.271902+00:00,lab,rr_too_low
7458aed69b,2026-09-29T03:30:25.564640+00:00,NQ,15m,EMA21_PULLBACK_BEAR,SHORT,30466.5,30524.9498,30370.0,1.65,swing_level,-6,23,REJECT,,,40.62,44.5462,27.22,LH_LL,3,0.06,0,CLOSED,LOSS,12,30524.9498,23,,2026-09-29,,,,#NQ-0928-W5,2026-09-29T03:30:25.564640+00:00,CON.F.US.ENQ.Z26,Asia,1.65,lab (not sent),LOSS,-1.0,-1.0,-58.4498,1.612,1.279,10850,2026-09-29T06:31:15.617128+00:00,lab,rr_too_low
eb7c227d55,2026-09-29T04:00:36.486009+00:00,NQ,1h,VWAP_REJECT_BEAR,SHORT,30467.0,30557.9059,30370.0,1.07,swing_level,-6,26,REJECT,,,38.71,102.0297,20.53,LH_LL,4,0.22,0,CLOSED,LOSS,2,30557.9059,26,,2026-09-29,,,,#NQ-0929-AT,2026-09-29T04:00:36.486009+00:00,CON.F.US.ENQ.Z26,Asia,1.07,lab (not sent),LOSS,-1.0,-1.0,-90.9059,1.042,1.001,10497,2026-09-29T06:55:33.511308+00:00,lab,rr_too_low
57a8aa155a,2026-09-29T04:10:37.683925+00:00,NQ,15m,EMA21_PULLBACK_BEAR,SHORT,30439.25,30514.5121,30356.75,1.1,swing_level,-6,23,REJECT,,,37.83,45.5154,28.29,LH_LL,4,0.56,0,CLOSED,LOSS,9,30514.5121,23,,2026-09-29,,,,#NQ-0929-KH,2026-09-29T04:10:37.683925+00:00,CON.F.US.ENQ.Z26,Asia,1.1,lab (not sent),LOSS,-1.0,-1.0,-75.2621,0.89,1.003,8255,2026-09-29T06:28:13.115781+00:00,lab,rr_too_low
38c115d7ea,2026-09-29T04:10:37.690874+00:00,NQ,15m,BREAK_RETEST_BEAR,SHORT,30439.25,30457.4561,30420.25,1.04,swing_level,-6,18,REJECT,,,37.83,45.5154,28.29,LH_LL,4,0.56,0,CLOSED,WIN,2,30420.25,18,,2026-09-29,,,,#NQ-0929-6H,2026-09-29T04:10:37.690874+00:00,CON.F.US.ENQ.Z26,Asia,1.04,lab (not sent),WIN,1.04,1.044,19.0,1.099,0.687,2404,2026-09-29T04:50:42.366777+00:00,lab,rr_too_low
65b95689da,2026-09-29T04:20:38.636207+00:00,NQ,15m,BREAK_RETEST_BEAR,SHORT,30447.0,30464.3986,30409.25,2.17,swing_level_sweet,-6,18,REJECT,,,39.8,43.4964,29.21,LH_LL,4,0.13,0,CLOSED,WIN,5,30409.25,18,,2026-09-29,,,,#NQ-0929-FR,2026-09-29T04:20:38.636207+00:00,CON.F.US.ENQ.Z26,Asia,2.17,lab (not sent),WIN,2.17,2.17,37.75,4.296,0.618,4810,2026-09-29T05:40:48.690883+00:00,lab,conviction
5cc28e5685,2026-09-29T04:50:42.612775+00:00,NQ,15m,EMA21_PULLBACK_BEAR,SHORT,30428.5,30494.4174,30356.75,1.09,swing_level,-8,23,REJECT,,,36.71,40.1731,31.01,LH_LL,4,0.09,0,CLOSED,LOSS,5,30494.4174,23,,2026-09-29,,,,#NQ-0929-FX,2026-09-29T04:50:42.612775+00:00,CON.F.US.ENQ.Z26,Asia,1.09,lab (not sent),LOSS,-1.0,-1.0,-65.9174,0.853,1.111,4940,2026-09-29T06:13:02.886005+00:00,lab,rr_too_low
90a83bf7b8,2026-09-29T04:50:42.617842+00:00,NQ,15m,BREAK_RETEST_BEAR,SHORT,30428.5,30446.0692,30370.0,3.33,swing_level,-8,18,REJECT,,,36.71,40.1731,31.01,LH_LL,4,0.09,0,CLOSED,LOSS,0,30446.0692,18,,2026-09-29,,,,#NQ-0929-H3,2026-09-29T04:50:42.617842+00:00,CON.F.US.ENQ.Z26,Asia,3.33,lab (not sent),LOSS,-1.0,-1.0,-17.5692,0.0,1.153,600,2026-09-29T05:00:43.528401+00:00,lab,conviction
ec1f51905d,2026-09-29T05:00:43.804658+00:00,NQ,15m,EMA21_PULLBACK_BEAR,SHORT,30448.5,30491.3239,30356.75,2.14,swing_level_sweet,-8,23,REJECT,,,41.32,39.3661,31.06,LH_LL,5,0.06,0,CLOSED,LOSS,4,30491.3239,23,,2026-09-29,,,,#NQ-0929-S5,2026-09-29T05:00:43.804658+00:00,CON.F.US.ENQ.Z26,Asia,2.14,lab (not sent),LOSS,-1.0,-1.0,-42.8239,1.781,1.243,4339,2026-09-29T06:13:03.109557+00:00,lab,conviction
1bd9b9cb83,2026-09-29T05:20:45.977057+00:00,NQ,15m,EMA21_PULLBACK_BEAR,SHORT,30440.25,30487.1436,30370.0,1.5,swing_level,-8,23,REJECT,,,39.5,39.8093,30.81,LH_LL,5,0.28,0,CLOSED,LOSS,3,30487.1436,23,,2026-09-29,,,,#NQ-0929-BB,2026-09-29T05:20:45.977057+00:00,CON.F.US.ENQ.Z26,Asia,1.5,lab (not sent),LOSS,-1.0,-1.0,-46.8936,1.45,1.311,3137,2026-09-29T06:13:03.341898+00:00,lab,rr_too_low
b6f689a03b,2026-09-29T05:20:45.984839+00:00,NQ,15m,BREAK_RETEST_BEAR,SHORT,30440.25,30456.1737,30420.25,1.26,swing_level,-8,18,REJECT,,,39.5,39.8093,30.81,LH_LL,5,0.28,0,CLOSED,WIN,0,30420.25,18,,2026-09-29,,,,#NQ-0929-DS,2026-09-29T05:20:45.984839+00:00,CON.F.US.ENQ.Z26,Asia,1.26,lab (not sent),WIN,1.26,1.256,20.0,1.617,0.0,601,2026-09-29T05:30:47.170589+00:00,lab,rr_too_low
5c86f25107,2026-09-29T05:43:49.830470+00:00,NQ,15m,BREAK_RETEST_BEAR,SHORT,30409.0,30425.7838,30370.0,2.32,swing_level_sweet,-8,18,REJECT,,,34.8,41.3344,31.74,LH_LL,5,1.59,0,CLOSED,LOSS,0,30425.7838,18,,2026-09-29,,,,#NQ-0929-P3,2026-09-29T05:43:49.830470+00:00,CON.F.US.ENQ.Z26,Asia,2.32,lab (not sent),LOSS,-1.0,-1.0,-16.7838,1.102,1.326,782,2026-09-29T05:56:51.977852+00:00,lab,conviction
176d3a0619,2026-09-29T05:56:52.222712+00:00,NQ,15m,EMA21_PULLBACK_BEAR,SHORT,30426.5,30476.1161,30370.0,1.14,swing_level,-8,23,REJECT,,,39.68,41.2927,32.36,LH_LL,5,0.84,0,CLOSED,LOSS,0,30476.1161,23,,2026-09-29,,,,#NQ-0929-ZM,2026-09-29T05:56:52.222712+00:00,CON.F.US.ENQ.Z26,Asia,1.14,lab (not sent),LOSS,-1.0,-1.0,-49.6161,0.02,1.109,788,2026-09-29T06:10:00.453601+00:00,lab,rr_too_low
62cd6d083a,2026-09-29T06:00:53.498337+00:00,NQ,15m,BREAK_RETEST_BEAR,SHORT,30428.25,30443.9,30409.25,1.21,swing_level,-8,18,REJECT,,,40.25,39.1251,32.69,LH_LL,6,0.09,0,CLOSED,LOSS,0,30443.9,18,,2026-09-29,,,,#NQ-0929-QQ,2026-09-29T06:00:53.498337+00:00,CON.F.US.ENQ.Z26,London,1.21,lab (not sent),LOSS,-1.0,-1.0,-15.65,0.0,1.581,364,2026-09-29T06:06:58.071038+00:00,lab,rr_too_low
99e463ab10,2026-09-29T06:03:55.702371+00:00,NQ,15m,EMA21_PULLBACK_BEAR,SHORT,30442.5,30474.299,30370.0,2.28,swing_level_sweet,-8,23,REJECT,,,43.3,40.4287,31.91,LH_LL,6,0.45,0,CLOSED,LOSS,0,30474.299,23,,2026-09-29,,,,#NQ-0929-TR,2026-09-29T06:03:55.702371+00:00,CON.F.US.ENQ.Z26,London,2.28,lab (not sent),LOSS,-1.0,-1.0,-31.799,0.0,1.132,364,2026-09-29T06:10:00.697695+00:00,lab,conviction
76a13b6bfe,2026-09-29T06:16:05.508686+00:00,BTC,1h,VWAP_BOUNCE_BULL,LONG,83810.45,82834.4718,86384.73,2.64,swing_level_sweet,3,19,REJECT,,,55.92,460.041,21.41,MIXED,6,0.71,0,CLOSED,SKIP,37,83810.45,19,,2026-09-29,,,,#BTC-0929-G8,2026-09-29T06:16:05.508686+00:00,BTC/USD,London,2.64,lab (not sent),SKIP,0.0,0.0,0.0,0.765,0.964,135856,2026-09-30T20:00:22.365944+00:00,lab,crypto_dead_zone:conviction
a381c5e3c1,2026-09-29T06:19:07.323771+00:00,NQ,15m,VWAP_REJECT_BEAR,SHORT,30476.5,30514.1199,30370.0,2.83,swing_level_sweet,-8,26,REJECT,,,49.62,43.0996,28.33,LH_LL,6,0.43,0,CLOSED,LOSS,0,30514.1199,26,,2026-09-29,,,,#NQ-0929-UE,2026-09-29T06:19:07.323771+00:00,CON.F.US.ENQ.Z26,London,2.83,lab (not sent),LOSS,-1.0,-1.0,-37.6199,0.0,1.721,728,2026-09-29T06:31:15.889278+00:00,lab,setup_off
38a121df70,2026-09-29T06:46:26.699924+00:00,NQ,15m,BB_REVERSION_BEAR,SHORT,30552.75,30568.9306,30502.5,3.11,swing_level,-6,10,REJECT,,,60.6,41.4354,26.47,LH_LL,6,0.08,0,CLOSED,LOSS,2,30568.9306,10,,2026-09-29,,,,#NQ-0929-WW,2026-09-29T06:46:26.699924+00:00,CON.F.US.ENQ.Z26,London,3.11,lab (not sent),LOSS,-1.0,-1.0,-16.1806,1.545,1.993,2384,2026-09-29T07:26:11.491030+00:00,lab,conviction
15818c0ef9,2026-09-29T06:46:26.705908+00:00,NQ,15m,STOCH_REVERSAL_BEAR,SHORT,30552.75,30573.0742,30502.5,2.47,swing_level_sweet,-6,26,REJECT,,,60.6,41.4354,26.47,LH_LL,6,0.08,0,CLOSED,LOSS,2,30573.0742,26,,2026-09-29,,,,#NQ-0929-F9,2026-09-29T06:46:26.705908+00:00,CON.F.US.ENQ.Z26,London,2.47,lab (not sent),LOSS,-1.0,-1.0,-20.3242,1.23,1.587,2385,2026-09-29T07:26:11.724487+00:00,lab,conviction
950aefd890,2026-09-29T06:46:26.864717+00:00,BTC,1h,VWAP_BOUNCE_BULL,LONG,83875.98,82833.5144,86734.0,2.74,swing_level_sweet,7,19,REJECT,,,56.78,464.8282,21.5,MIXED,6,1.19,0,CLOSED,SKIP,37,83875.98,19,,2026-09-29,,,,#BTC-0929-HG,2026-09-29T06:46:26.864717+00:00,BTC/USD,London,2.74,lab (not sent),SKIP,0.0,0.0,0.0,0.653,0.965,134035,2026-09-30T20:00:22.366049+00:00,lab,crypto_dead_zone:conviction
0999c7fec4,2026-09-29T06:49:28.987758+00:00,NQ,15m,STOCH_REVERSAL_BEAR,SHORT,30549.25,30573.2242,30502.5,1.95,swing_level,-6,26,REJECT,,,59.92,41.8104,26.47,LH_LL,6,0.2,0,CLOSED,LOSS,2,30573.2242,26,,2026-09-29,,,,#NQ-0929-G5,2026-09-29T06:49:28.987758+00:00,CON.F.US.ENQ.Z26,London,1.95,lab (not sent),LOSS,-1.0,-1.0,-23.9742,0.897,1.491,2202,2026-09-29T07:26:11.943974+00:00,lab,rr_too_low
64b978644e,2026-09-29T06:58:35.785990+00:00,NQ,15m,BB_REVERSION_BEAR,SHORT,30543.0,30569.1449,30502.5,1.55,swing_level,-6,10,REJECT,,,58.74,42.1497,26.5,LH_LL,6,0.65,0,CLOSED,LOSS,1,30569.1449,10,,2026-09-29,,,,#NQ-0929-BR,2026-09-29T06:58:35.785990+00:00,CON.F.US.ENQ.Z26,London,1.55,lab (not sent),LOSS,-1.0,-1.0,-26.1449,0.583,1.606,1656,2026-09-29T07:26:12.167435+00:00,lab,rr_too_low
05f874c3bd,2026-09-29T07:46:16.208931+00:00,NQ,15m,BB_REVERSION_BEAR,SHORT,30586.75,30638.7182,30430.0,3.02,swing_level,-6,10,REJECT,,,64.57,40.7273,25.64,LH_LL,7,0.1,0,CLOSED,LOSS,12,30638.7182,10,,2026-09-29,,,,#NQ-0929-5U,2026-09-29T07:46:16.208931+00:00,CON.F.US.ENQ.Z26,London,3.02,lab (not sent),LOSS,-1.0,-1.0,-51.9682,0.943,1.371,11682,2026-09-29T11:00:58.216131+00:00,lab,conviction
2c01dfdd2b,2026-09-29T08:40:33.209326+00:00,BTC,1h,STOCH_REVERSAL_BEAR,SHORT,83906.77,84460.7243,82510.37,2.52,swing_level_sweet,7,22,REJECT,,,56.74,461.6286,20.29,MIXED,8,0.39,0,CLOSED,LOSS,3,84460.7243,22,,2026-09-29,,,,#BTC-0929-6A,2026-09-29T08:40:33.209326+00:00,BTC/USD,London,2.52,lab (not sent),LOSS,-1.0,-1.0,-553.9543,0.32,1.04,11441,2026-09-29T11:51:14.977230+00:00,lab,crypto_dead_zone:conviction
79fee8d97b,2026-09-29T08:53:35.509145+00:00,NQ,15m,STOCH_REVERSAL_BEAR,SHORT,30591.25,30642.9695,30430.0,3.12,swing_level,-6,26,REJECT,,,60.6,41.1739,28.62,LH_LL,8,0.58,0,CLOSED,LOSS,8,30642.9695,26,,2026-09-29,,,,#NQ-0929-DX,2026-09-29T08:53:35.509145+00:00,CON.F.US.ENQ.Z26,London,3.12,lab (not sent),LOSS,-1.0,-1.0,-51.7195,1.034,1.291,7642,2026-09-29T11:00:58.458874+00:00,lab,conviction
ae344892c0,2026-09-29T08:58:36.867808+00:00,BTC,1h,BB_REVERSION_BEAR,SHORT,83837.82,84399.4791,82708.96,2.01,swing_level_sweet,7,13,REJECT,,,55.48,468.0493,20.29,MIXED,8,0.54,0,CLOSED,LOSS,2,84399.4791,13,,2026-09-29,,,,#BTC-0929-44,2026-09-29T08:58:36.867808+00:00,BTC/USD,London,2.01,lab (not sent),LOSS,-1.0,-1.0,-561.6591,0.193,1.148,10358,2026-09-29T11:51:15.214797+00:00,lab,crypto_dead_zone:rr_too_low
9caaf7930b,2026-09-29T08:58:36.873915+00:00,BTC,1h,STOCH_REVERSAL_BEAR,SHORT,83837.82,84399.4791,82708.96,2.01,swing_level_sweet,7,22,REJECT,,,55.48,468.0493,20.29,MIXED,8,0.54,0,CLOSED,LOSS,2,84399.4791,22,,2026-09-29,,,,#BTC-0929-ZD,2026-09-29T08:58:36.873915+00:00,BTC/USD,London,2.01,lab (not sent),LOSS,-1.0,-1.0,-561.6591,0.193,1.148,10358,2026-09-29T11:51:15.466210+00:00,lab,crypto_dead_zone:rr_too_low
bce3803564,2026-09-29T09:03:37.378016+00:00,BTC,1h,BB_REVERSION_BEAR,SHORT,83837.82,84399.4791,82708.96,2.01,swing_level_sweet,7,13,REJECT,,,55.48,468.0493,20.29,MIXED,9,0.54,0,CLOSED,LOSS,2,84399.4791,13,,2026-09-29,,,,#BTC-0929-AV,2026-09-29T09:03:37.378016+00:00,BTC/USD,London,2.01,lab (not sent),LOSS,-1.0,-1.0,-561.6591,0.193,1.148,10058,2026-09-29T11:51:15.703244+00:00,lab,rr_too_low
ec45779e41,2026-09-29T09:03:37.385149+00:00,BTC,1h,STOCH_REVERSAL_BEAR,SHORT,83837.82,84399.4791,82708.96,2.01,swing_level_sweet,7,22,REJECT,,,55.48,468.0493,20.29,MIXED,9,0.54,0,CLOSED,LOSS,2,84399.4791,22,,2026-09-29,,,,#BTC-0929-ZW,2026-09-29T09:03:37.385149+00:00,BTC/USD,London,2.01,lab (not sent),LOSS,-1.0,-1.0,-561.6591,0.193,1.148,10058,2026-09-29T11:51:15.948123+00:00,lab,rr_too_low
368f8a622d,2026-09-29T09:53:46.288237+00:00,BTC,15m,MACD_CROSS_BULL,LONG,84188.99,83739.7022,85112.37,2.06,swing_level_sweet,7,32,REJECT,,,67.35,202.6593,27.76,MIXED,9,0.37,0,CLOSED,LOSS,18,83739.7022,32,,2026-09-29,,,,#BTC-0929-3Q,2026-09-29T09:53:46.288237+00:00,BTC/USD,London,2.06,lab (not sent),LOSS,-1.0,-1.0,-449.2878,0.819,1.029,17033,2026-09-29T14:37:39.707223+00:00,lab,rr_too_low
761cebd617,2026-09-29T10:35:53.299450+00:00,NQ,15m,STOCH_REVERSAL_BEAR,SHORT,30598.75,30625.4016,30533.0,2.47,swing_level_sweet,-4,26,REJECT,,,58.27,39.1291,24.84,MIXED,10,0.37,0,CLOSED,LOSS,1,30625.4016,26,,2026-09-29,,,,#NQ-0929-D4,2026-09-29T10:35:53.299450+00:00,CON.F.US.ENQ.Z26,London,2.47,lab (not sent),LOSS,-1.0,-1.0,-26.6516,0.0,1.144,1203,2026-09-29T10:55:56.725301+00:00,lab,conviction
ad2e62bca0,2026-09-29T11:11:00.580683+00:00,NQ,15m,STOCH_REVERSAL_BEAR,SHORT,30635.5,30658.8298,30564.25,3.05,swing_level,-7,26,REJECT,,,63.62,38.9495,26.72,MIXED,11,1.27,0,CLOSED,LOSS,1,30658.8298,26,,2026-09-29,,,,#NQ-0929-4C,2026-09-29T11:11:00.580683+00:00,CON.F.US.ENQ.Z26,London,3.05,lab (not sent),LOSS,-1.0,-1.0,-23.3298,0.043,1.2,1509,2026-09-29T11:36:09.974940+00:00,lab,conviction
8ac98f6743,2026-09-29T11:16:01.608951+00:00,NQ,15m,BB_REVERSION_BEAR,SHORT,30637.0,30680.1349,30537.75,2.3,swing_level_sweet,-7,10,REJECT,,,63.95,37.1164,27.76,MIXED,11,0.11,0,CLOSED,LOSS,2,30680.1349,10,,2026-09-29,,,,#NQ-0929-GT,2026-09-29T11:16:01.608951+00:00,CON.F.US.ENQ.Z26,London,2.3,lab (not sent),LOSS,-1.0,-1.0,-43.1349,0.012,1.623,2111,2026-09-29T11:51:13.328916+00:00,lab,conviction
a3e04f03b0,2026-09-29T11:21:02.618385+00:00,NQ,15m,BREAK_RETEST_BULL,LONG,30649.5,30620.2106,30716.0,2.27,swing_level_sweet,-7,63,HIGH,,scalp (15-90 min) - flat by 4PM ET,65.94,37.5985,27.76,MIXED,11,0.42,0,CLOSED,WIN,3,30716.0,63,True,2026-09-29,0,0,,#NQ-0929-SG,2026-09-29T11:21:02.618385+00:00,CON.F.US.ENQ.Z26,London,2.27,control,WIN,2.27,2.27,66.5,2.33,0.444,3326,2026-09-29T12:16:28.848330+00:00,real,
708ce579b3,2026-09-29T11:46:12.358187+00:00,NQ,15m,BB_REVERSION_BEAR,SHORT,30647.0,30677.1016,30564.25,2.75,swing_level_sweet,-5,10,REJECT,,,63.89,35.3385,30.09,MIXED,11,0.13,0,CLOSED,LOSS,0,30677.1016,10,,2026-09-29,,,,#NQ-0929-2S,2026-09-29T11:46:12.358187+00:00,CON.F.US.ENQ.Z26,London,2.75,lab (not sent),LOSS,-1.0,-1.0,-30.1016,0.0,1.213,301,2026-09-29T11:51:13.580777+00:00,lab,open_call:conviction
77eea73bec,2026-09-29T11:46:12.364020+00:00,NQ,15m,STOCH_REVERSAL_BEAR,SHORT,30647.0,30680.6354,30564.25,2.46,swing_level_sweet,-5,26,REJECT,,,63.89,35.3385,30.09,MIXED,11,0.13,0,CLOSED,LOSS,0,30680.6354,26,,2026-09-29,,,,#NQ-0929-U4,2026-09-29T11:46:12.364020+00:00,CON.F.US.ENQ.Z26,London,2.46,lab (not sent),LOSS,-1.0,-1.0,-33.6354,0.0,1.085,301,2026-09-29T11:51:13.831726+00:00,lab,open_call:conviction
215c7d3b1c,2026-09-29T11:55:24.318103+00:00,BTC,15m,MACD_CROSS_BULL,LONG,84417.41,83972.7084,84992.0,1.29,swing_level,7,32,REJECT,,,69.87,194.5055,31.2,MIXED,11,0.95,0,CLOSED,LOSS,8,83972.7084,32,,2026-09-29,,,,#BTC-0929-M8,2026-09-29T11:55:24.318103+00:00,BTC/USD,London,1.29,lab (not sent),LOSS,-1.0,-1.0,-444.7016,0.314,1.042,7785,2026-09-29T14:05:10.141847+00:00,lab,rr_too_low
0b1f810578,2026-09-29T12:21:30.538136+00:00,NQ,15m,BB_REVERSION_BEAR,SHORT,30685.25,30720.2986,30564.25,3.45,swing_level,-5,10,REJECT,,,68.21,38.4954,34.17,MIXED,12,0.85,0,CLOSED,LOSS,4,30720.2986,10,,2026-09-29,,,,#NQ-0929-27,2026-09-29T12:21:30.538136+00:00,CON.F.US.ENQ.Z26,NY pre,3.45,lab (not sent),LOSS,-1.0,-1.0,-35.0486,1.605,1.148,4207,2026-09-29T13:31:37.915424+00:00,lab,conviction
e8ca8608d3,2026-09-29T12:21:30.544495+00:00,NQ,15m,STOCH_REVERSAL_BEAR,SHORT,30685.25,30724.1482,30564.25,3.11,swing_level,-5,26,REJECT,,,68.21,38.4954,34.17,MIXED,12,0.85,0,CLOSED,LOSS,4,30724.1482,26,,2026-09-29,,,,#NQ-0929-TZ,2026-09-29T12:21:30.544495+00:00,CON.F.US.ENQ.Z26,NY pre,3.11,lab (not sent),LOSS,-1.0,-1.0,-38.8982,1.446,1.035,4207,2026-09-29T13:31:38.177842+00:00,lab,conviction
f500b7b573,2026-09-29T12:46:17.818685+00:00,NQ,15m,BREAK_RETEST_BULL,LONG,30646.25,30620.0515,30705.5,2.26,swing_level_sweet,-7,63,HIGH,,scalp (15-90 min) - flat by 4PM ET,58.28,37.9961,32.77,MIXED,12,0.08,0,CLOSED,WIN,3,30705.5,63,True,2026-09-29,0,0,,#NQ-0929-45,2026-09-29T12:46:17.818685+00:00,CON.F.US.ENQ.Z26,NY pre,2.26,control,WIN,2.26,2.262,59.25,3.025,0.63,2720,2026-09-29T13:31:38.429449+00:00,real,
021457f62f,2026-09-29T12:54:54.437634+00:00,NQ,15m,BREAK_RETEST_BULL,LONG,30633.75,30618.1515,30650.0,1.04,swing_level,-7,63,HIGH,,,55.48,38.9961,32.18,MIXED,12,0.86,0,CLOSED,WIN,1,30650.0,63,,2026-09-29,,,,#NQ-0929-3G,2026-09-29T12:54:54.437634+00:00,CON.F.US.ENQ.Z26,NY pre,1.04,lab (not sent),WIN,1.04,1.042,16.25,2.084,0.256,995,2026-09-29T13:11:30.178140+00:00,lab,open_call:rr_too_low
225a5f41ed,2026-09-29T12:54:54.443121+00:00,NQ,15m,MACD_CROSS_BEAR,SHORT,30633.75,30692.1988,30502.5,2.25,swing_level_sweet,-7,27,REJECT,,,55.48,38.9961,32.18,MIXED,12,0.86,0,CLOSED,LOSS,2,30692.1988,27,,2026-09-29,,,,#NQ-0929-7P,2026-09-29T12:54:54.443121+00:00,CON.F.US.ENQ.Z26,NY pre,2.25,lab (not sent),LOSS,-1.0,-1.0,-58.4488,0.068,1.027,1838,2026-09-29T13:25:32.921695+00:00,lab,open_call:conviction
4fde6ed388,2026-09-29T13:31:39.105401+00:00,NQ,15m,STOCH_REVERSAL_BEAR,SHORT,30678.75,30726.3351,30564.25,2.41,swing_level_sweet,-7,26,REJECT,,,59.8,41.4626,33.26,MIXED,13,3.19,1,CLOSED,WIN,1,30564.25,26,,2026-09-29,,,,#NQ-0929-NZ,2026-09-29T13:31:39.105401+00:00,CON.F.US.ENQ.Z26,NY open,2.41,lab (not sent),WIN,2.41,2.406,114.5,2.48,0.0,911,2026-09-29T13:46:50.719642+00:00,lab,open_call:conviction
4257722cda,2026-09-29T13:32:09.326766+00:00,NQ,15m,STOCH_REVERSAL_BEAR,SHORT,30678.75,30726.3351,30564.25,2.41,swing_level_sweet,-7,26,REJECT,,,59.8,41.4626,33.26,MIXED,13,3.19,1,CLOSED,WIN,0,30564.25,26,,2026-09-29,,,,#NQ-0929-YF,2026-09-29T13:32:09.326766+00:00,CON.F.US.ENQ.Z26,NY open,2.41,lab (not sent),WIN,2.41,2.406,114.5,2.48,0.0,881,2026-09-29T13:46:50.968660+00:00,lab,conviction
10e9dbb4ee,2026-09-29T13:34:40.783209+00:00,NQ,15m,MACD_CROSS_BEAR,SHORT,30610.5,30739.1388,30430.0,1.4,swing_level,-7,27,REJECT,,,48.97,45.4626,31.33,MIXED,13,6.03,1,CLOSED,LOSS,25,30645.25,27,,2026-09-29,,,,#NQ-0929-PV,2026-09-29T13:34:40.783209+00:00,CON.F.US.ENQ.Z26,NY open,1.4,lab (not sent),LOSS,-0.27,-0.27,-34.75,0.824,0.744,22838,2026-09-29T19:55:19.160312+00:00,lab,rr_too_low
106a61abe6,2026-09-29T13:34:40.961775+00:00,BTC,15m,RSI_DIV_BEAR,SHORT,84046.21,84643.4145,82550.0,2.51,swing_level_sweet,8,22,REJECT,,,49.95,216.0113,30.74,MIXED,13,1.02,1,CLOSED,LOSS,92,84643.4145,22,,2026-09-29,,,,#BTC-0929-4V,2026-09-29T13:34:40.961775+00:00,BTC/USD,NY open,2.51,lab (not sent),LOSS,-1.0,-1.0,-597.2045,1.97,1.279,83001,2026-09-30T12:38:02.250761+00:00,lab,conviction
e07e14df12,2026-09-29T13:34:40.968350+00:00,BTC,15m,MACD_CROSS_BEAR,SHORT,84046.21,84621.8134,82550.0,2.6,swing_level_sweet,8,35,REJECT,,,49.95,216.0113,30.74,MIXED,13,1.02,1,CLOSED,LOSS,92,84621.8134,35,,2026-09-29,,,,#BTC-0929-7N,2026-09-29T13:34:40.968350+00:00,BTC/USD,NY open,2.6,lab (not sent),LOSS,-1.0,-1.0,-575.6034,2.044,1.327,83001,2026-09-30T12:38:02.578127+00:00,lab,conviction
a98abc044b,2026-09-29T13:37:42.908140+00:00,NQ,15m,MACD_CROSS_BEAR,SHORT,30625.75,30739.6209,30372.25,2.23,swing_level_sweet,-7,27,REJECT,,,51.03,47.0698,30.71,MIXED,13,7.73,1,CLOSED,LOSS,25,30645.25,27,,2026-09-29,,,,#NQ-0929-XW,2026-09-29T13:37:42.908140+00:00,CON.F.US.ENQ.Z26,NY open,2.23,lab (not sent),LOSS,-0.171,-0.171,-19.5,1.065,0.707,22656,2026-09-29T19:55:19.606924+00:00,lab,conviction
11251ebd98,2026-09-29T13:40:45.928927+00:00,BTC,1h,STOCH_REVERSAL_BEAR,SHORT,84129.28,84702.5246,82510.37,2.82,swing_level_sweet,7,22,REJECT,,,56.99,477.7039,18.95,MIXED,13,1.22,1,CLOSED,LOSS,22,84702.5246,22,,2026-09-29,,,,#BTC-0929-V7,2026-09-29T13:40:45.928927+00:00,BTC/USD,NY open,2.82,lab (not sent),LOSS,-1.0,-1.0,-573.2446,2.198,1.187,82636,2026-09-30T12:38:02.904501+00:00,lab,conviction
193ce287b2,2026-09-29T13:43:48.121229+00:00,NQ,15m,VWAP_REJECT_BEAR,SHORT,30567.75,30719.7532,30409.25,1.04,swing_level,-8,26,REJECT,,,43.98,50.0162,30.46,MIXED,13,9.65,1,CLOSED,LOSS,24,30645.25,26,,2026-09-29,,,,#NQ-0929-YN,2026-09-29T13:43:48.121229+00:00,CON.F.US.ENQ.Z26,NY open,1.04,lab (not sent),LOSS,-0.51,-0.51,-77.5,0.416,0.911,22291,2026-09-29T19:55:19.932956+00:00,lab,rr_too_low
e14e3fbc1a,2026-09-29T13:46:51.259045+00:00,NQ,15m,VWAP_BOUNCE_BULL,LONG,30582.25,30535.7006,30705.5,2.65,swing_level_sweet,-8,55,MEDIUM,,scalp (15-90 min) - flat by 4PM ET,46.02,48.9972,28.62,MIXED,13,0.86,0,CLOSED,WIN,4,30705.5,55,True,2026-09-29,0,0,,#NQ-0929-6Z,2026-09-29T13:46:51.259045+00:00,CON.F.US.ENQ.Z26,NY open,2.65,control,WIN,2.65,2.648,123.25,2.664,0.0,4315,2026-09-29T14:58:47.045283+00:00,real,
4f5f1830e9,2026-09-29T13:49:54.644507+00:00,NQ,15m,VWAP_REJECT_BEAR,SHORT,30574.0,30735.3744,30409.25,1.02,swing_level,-8,26,REJECT,,,44.9,49.3722,28.62,MIXED,13,1.93,0,CLOSED,LOSS,24,30645.25,26,,2026-09-29,,,,#NQ-0929-7Y,2026-09-29T13:49:54.644507+00:00,CON.F.US.ENQ.Z26,NY open,1.02,lab (not sent),LOSS,-0.442,-0.442,-71.25,0.431,0.82,21925,2026-09-29T19:55:20.286307+00:00,lab,open_call:rr_too_low
a020746104,2026-09-29T13:56:01.332225+00:00,BTC,15m,EMA21_PULLBACK_BULL,LONG,84411.33,83918.4391,84992.0,1.18,swing_level,8,26,REJECT,,,62.47,228.9362,29.31,MIXED,13,1.36,0,CLOSED,LOSS,0,83918.4391,26,,2026-09-29,,,,#BTC-0929-X4,2026-09-29T13:56:01.332225+00:00,BTC/USD,NY open,1.18,lab (not sent),LOSS,-1.0,-1.0,-492.8909,0.0,1.111,732,2026-09-29T14:08:13.338187+00:00,lab,rr_too_low
f9351e0225,2026-09-29T14:16:52.223472+00:00,NQ,15m,VWAP_BOUNCE_BULL,LONG,30629.0,30547.8314,30792.5,2.01,swing_level_sweet,-8,55,MEDIUM,,,51.76,54.5931,26.85,MIXED,14,3.33,0,CLOSED,LOSS,4,30547.8314,55,,2026-09-29,,,,#NQ-0929-UF,2026-09-29T14:16:52.223472+00:00,CON.F.US.ENQ.Z26,NY open,2.01,lab (not sent),LOSS,-1.0,-1.0,-81.1686,0.952,1.001,4143,2026-09-29T15:25:56.150693+00:00,lab,open_call
57953e83bd,2026-09-29T14:17:22.973845+00:00,NQ,15m,RSI_DIV_BEAR,SHORT,30648.0,30747.3488,30430.0,2.19,swing_level_sweet,-8,20,REJECT,,,54.0,54.6221,25.2,MIXED,14,0.76,0,CLOSED,WIN,22,30645.25,20,,2026-09-29,,,,#NQ-0929-BC,2026-09-29T14:17:22.973845+00:00,CON.F.US.ENQ.Z26,NY open,2.19,lab (not sent),WIN,0.028,0.028,2.75,1.444,0.586,20277,2026-09-29T19:55:20.597499+00:00,lab,open_call:conviction
ffa3afff07,2026-09-29T14:20:26.214536+00:00,BTC,15m,RSI_DIV_BEAR,SHORT,84044.43,84655.0039,82510.37,2.51,swing_level_sweet,8,22,REJECT,,,49.68,244.9848,25.49,MIXED,14,0.32,0,CLOSED,LOSS,89,84655.0039,22,,2026-09-29,,,,#BTC-0929-6N,2026-09-29T14:20:26.214536+00:00,BTC/USD,NY open,2.51,lab (not sent),LOSS,-1.0,-1.0,-610.5739,1.924,1.254,80257,2026-09-30T12:38:03.256273+00:00,lab,conviction
4b5fc0bd3b,2026-09-29T14:26:32.467408+00:00,BTC,15m,RSI_DIV_BEAR,SHORT,84000.0,84655.0039,82675.14,2.02,swing_level_sweet,8,22,REJECT,,,48.11,244.9848,25.49,MIXED,14,0.89,0,CLOSED,LOSS,88,84655.0039,22,,2026-09-29,,,,#BTC-0929-B3,2026-09-29T14:26:32.467408+00:00,BTC/USD,NY open,2.02,lab (not sent),LOSS,-1.0,-1.0,-655.0039,1.726,1.237,79891,2026-09-30T12:38:03.588324+00:00,lab,rr_too_low
cd5e5f53d9,2026-09-29T14:50:44.046446+00:00,NQ,1h,VWAP_BOUNCE_BULL,LONG,30671.75,30525.6636,30999.5,2.24,swing_level_sweet,-5,55,MEDIUM,,,56.14,99.182,13.94,MIXED,14,3.57,0,CLOSED,LOSS,1,30525.6636,55,,2026-09-29,,,,#NQ-0929-DT,2026-09-29T14:50:44.046446+00:00,CON.F.US.ENQ.Z26,NY open,2.24,lab (not sent),LOSS,-1.0,-1.0,-146.0864,0.0,1.145,6940,2026-09-29T16:46:25.022461+00:00,lab,open_call
7e380474f6,2026-09-29T14:54:45.569068+00:00,NQ,15m,HTF_LEVEL_BOUNCE,LONG,30688.75,30661.3049,30759.25,2.57,swing_level_sweet,-5,45,REJECT,,,58.41,56.7379,22.96,MIXED,14,1.1,0,CLOSED,LOSS,0,30661.3049,45,,2026-09-29,,,,#NQ-0929-UK,2026-09-29T14:54:45.569068+00:00,CON.F.US.ENQ.Z26,NY open,2.57,lab (not sent),LOSS,-1.0,-1.0,-27.4451,0.0,2.286,484,2026-09-29T15:02:49.896730+00:00,lab,open_call
41e66bab1f,2026-09-29T15:00:48.180858+00:00,NQ,1h,VWAP_BOUNCE_BULL,LONG,30695.0,30525.6457,31070.5,2.22,swing_level_sweet,-5,55,MEDIUM,,intraday (1-4 hours) - flat by 4PM ET,57.69,99.2713,13.94,MIXED,15,4.27,0,CLOSED,LOSS,1,30525.6457,55,,2026-09-29,0,0,,#NQ-0929-3E,2026-09-29T15:00:48.180858+00:00,CON.F.US.ENQ.Z26,NY mid,2.22,control,LOSS,-1.0,-1.0,-169.3543,0.0,1.125,6337,2026-09-29T16:46:25.321174+00:00,real,
e26d0cae13,2026-09-29T15:20:54.989599+00:00,NQ,15m,VWAP_REJECT_BEAR,SHORT,30585.5,30677.5827,30372.25,2.32,swing_level_sweet,-6,26,REJECT,,,44.94,59.1636,21.74,MIXED,15,0.64,0,CLOSED,LOSS,18,30645.25,26,,2026-09-29,,,,#NQ-0929-RZ,2026-09-29T15:20:54.989599+00:00,CON.F.US.ENQ.Z26,NY mid,2.32,lab (not sent),LOSS,-0.649,-0.649,-59.75,0.88,0.817,16465,2026-09-29T19:55:20.922035+00:00,lab,open_call:setup_off
f49c7e6fad,2026-09-29T15:25:56.453214+00:00,NQ,15m,VWAP_REJECT_BEAR,SHORT,30549.5,30678.0434,30420.25,1.01,swing_level,-6,26,REJECT,,,41.26,61.4672,22.31,MIXED,15,1.26,0,CLOSED,LOSS,17,30645.25,26,,2026-09-29,,,,#NQ-0929-9N,2026-09-29T15:25:56.453214+00:00,CON.F.US.ENQ.Z26,NY mid,1.01,lab (not sent),LOSS,-0.745,-0.745,-95.75,0.35,0.865,16164,2026-09-29T19:55:21.225577+00:00,lab,open_call:rr_too_low
2d1ffbb880,2026-09-29T15:26:57.519263+00:00,BTC,1h,MACD_CROSS_BEAR,SHORT,82996.64,84451.3367,80085.0,2.0,swing_level_sweet,4,35,REJECT,,,40.15,511.7889,18.25,MIXED,15,1.26,0,CLOSED,LOSS,21,84451.3367,35,,2026-09-29,,,,#BTC-0929-3W,2026-09-29T15:26:57.519263+00:00,BTC/USD,NY mid,2.0,lab (not sent),LOSS,-1.0,-1.0,-1454.6967,0.087,1.002,75899,2026-09-30T12:31:56.697581+00:00,lab,rr_too_low
3dcee4532a,2026-09-29T15:37:01.427957+00:00,NQ,15m,STOCH_REVERSAL_BULL,LONG,30598.0,30506.2316,30782.5,2.01,swing_level_sweet,-6,40,REJECT,,,47.39,62.5461,22.91,MIXED,15,0.74,0,CLOSED,LOSS,4,30506.2316,40,,2026-09-29,,,,#NQ-0929-8Y,2026-09-29T15:37:01.427957+00:00,CON.F.US.ENQ.Z26,NY mid,2.01,lab (not sent),LOSS,-1.0,-1.0,-91.7684,0.153,1.019,4164,2026-09-29T16:46:25.616254+00:00,lab,open_call:conviction
9f8cc29ce0,2026-09-29T15:42:02.452954+00:00,NQ,15m,BB_REVERSION_BULL,LONG,30572.0,30512.3094,30705.5,2.24,swing_level_sweet,-6,26,REJECT,,,44.14,63.1354,22.91,MIXED,15,1.14,0,CLOSED,LOSS,4,30512.3094,26,,2026-09-29,,,,#NQ-0929-53,2026-09-29T15:42:02.452954+00:00,CON.F.US.ENQ.Z26,NY mid,2.24,lab (not sent),LOSS,-1.0,-1.0,-59.6906,0.67,1.131,3863,2026-09-29T16:46:25.904195+00:00,lab,open_call:conviction
2e96874d33,2026-09-29T15:42:02.595621+00:00,GC,1h,STOCH_REVERSAL_BEAR,SHORT,4187.1,4213.326,4144.2,1.64,swing_level,-10,68,HIGH,,,50.58,15.3149,25.61,LH_LL,15,1.71,0,CLOSED,LOSS,4,4207.1,68,,2026-09-29,,,,#GC-0929-8V,2026-09-29T15:42:02.595621+00:00,CON.F.US.GCE.Z26,NY mid,1.64,lab (not sent),LOSS,-0.763,-0.763,-20.0,0.484,0.835,15198,2026-09-29T19:55:21.556599+00:00,lab,rr_too_low
561f27a0dd,2026-09-29T15:52:04.858345+00:00,NQ,15m,VWAP_REJECT_BEAR,SHORT,30574.5,30625.7859,30430.0,2.82,swing_level_sweet,-8,26,REJECT,,,44.52,62.6793,23.24,MIXED,15,0.95,0,CLOSED,LOSS,10,30625.7859,26,,2026-09-29,,,,#NQ-0929-8B,2026-09-29T15:52:04.858345+00:00,CON.F.US.ENQ.Z26,NY mid,2.82,lab (not sent),LOSS,-1.0,-1.0,-51.2859,1.365,1.009,9560,2026-09-29T18:31:25.676259+00:00,lab,open_call:setup_off
bf94bb4f89,2026-09-29T15:57:14.322861+00:00,BTC,1h,MACD_CROSS_BEAR,SHORT,83055.04,84453.0385,80085.0,2.12,swing_level_sweet,2,35,REJECT,,,40.79,517.4617,18.39,MIXED,15,2.16,0,CLOSED,LOSS,20,84453.0385,35,,2026-09-29,,,,#BTC-0929-Q7,2026-09-29T15:57:14.322861+00:00,BTC/USD,NY mid,2.12,lab (not sent),LOSS,-1.0,-1.0,-1397.9985,0.133,1.001,74082,2026-09-30T12:31:57.015974+00:00,lab,rr_too_low
35199b04d0,2026-09-29T16:21:19.748159+00:00,NQ,15m,STOCH_REVERSAL_BULL,LONG,30577.0,30527.8725,30705.5,2.62,swing_level_sweet,-8,40,REJECT,,,45.57,59.0688,23.88,MIXED,16,0.34,0,CLOSED,LOSS,1,30527.8725,40,,2026-09-29,,,,#NQ-0929-6S,2026-09-29T16:21:19.748159+00:00,CON.F.US.ENQ.Z26,NY mid,2.62,lab (not sent),LOSS,-1.0,-1.0,-49.1275,0.158,1.476,1506,2026-09-29T16:46:26.170140+00:00,lab,open_call:conviction
5aa994a920,2026-09-29T16:46:26.946336+00:00,NQ,15m,BREAK_RETEST_BEAR,SHORT,30514.0,30550.7964,30430.0,2.28,swing_level_sweet,-8,18,REJECT,,,39.12,57.616,25.82,MIXED,16,0.14,0,CLOSED,LOSS,0,30550.7964,18,,2026-09-29,,,,#NQ-0929-3B,2026-09-29T16:46:26.946336+00:00,CON.F.US.ENQ.Z26,NY mid,2.28,lab (not sent),LOSS,-1.0,-1.0,-36.7964,0.0,1.304,301,2026-09-29T16:51:28.142154+00:00,lab,open_call:conviction
b62986a8be,2026-09-29T16:46:27.085126+00:00,GC,1h,VWAP_REJECT_BEAR,SHORT,4177.9,4205.2442,4144.2,1.23,swing_level,-10,14,REJECT,,,46.11,15.221,23.95,LH_LL,16,0.78,0,CLOSED,LOSS,1,4205.2442,14,,2026-09-29,,,,#GC-0929-E3,2026-09-29T16:46:27.085126+00:00,CON.F.US.GCE.Z26,NY mid,1.23,lab (not sent),LOSS,-1.0,-1.0,-27.3442,0.128,1.137,6902,2026-09-29T18:41:29.174624+00:00,lab,rr_too_low
542052f8c1,2026-09-29T16:46:27.094187+00:00,GC,1h,EMA21_PULLBACK_BEAR,SHORT,4177.9,4206.7663,4144.2,1.17,swing_level,-10,6,REJECT,,,46.11,15.221,23.95,LH_LL,16,0.78,0,CLOSED,LOSS,1,4206.7663,6,,2026-09-29,,,,#GC-0929-J6,2026-09-29T16:46:27.094187+00:00,CON.F.US.GCE.Z26,NY mid,1.17,lab (not sent),LOSS,-1.0,-1.0,-28.8663,0.121,1.077,6902,2026-09-29T18:41:29.472198+00:00,lab,rr_too_low
86a37edb98,2026-09-29T17:16:34.524441+00:00,BTC,1h,STOCH_REVERSAL_BULL,LONG,83100.0,82516.2488,84610.6,2.59,swing_level_sweet,2,51,REJECT,,,41.79,486.4594,19.5,MIXED,17,0.3,0,CLOSED,WIN,19,84610.6,51,,2026-09-29,,,,#BTC-0929-X9,2026-09-29T17:16:34.524441+00:00,BTC/USD,NY mid,2.59,lab (not sent),WIN,2.59,2.588,1510.6,2.929,0.322,69689,2026-09-30T12:38:03.892827+00:00,lab,conviction
ffec045b8f,2026-09-29T17:46:40.762263+00:00,BTC,1h,STOCH_REVERSAL_BULL,LONG,83100.57,82514.0151,84610.6,2.57,swing_level_sweet,2,51,REJECT,,,41.8,488.7958,19.5,MIXED,17,0.65,0,CLOSED,WIN,18,84610.6,51,,2026-09-29,,,,#BTC-0929-4C,2026-09-29T17:46:40.762263+00:00,BTC/USD,NY mid,2.57,lab (not sent),WIN,2.57,2.574,1510.03,2.914,0.322,67883,2026-09-30T12:38:04.201056+00:00,lab,conviction
7e29b46a3d,2026-09-29T18:14:10.889624+00:00,BTC,15m,MACD_CROSS_BULL,LONG,83397.62,82858.2062,84748.12,2.5,swing_level_sweet,4,32,REJECT,,,47.89,260.3795,26.61,HH_HL,18,1.43,1,CLOSED,WIN,73,84748.12,32,,2026-09-29,,,,#BTC-0929-7P,2026-09-29T18:14:10.889624+00:00,BTC/USD,NY close,2.5,lab (not sent),WIN,2.5,2.504,1350.5,2.618,0.901,66233,2026-09-30T12:38:04.534614+00:00,lab,conviction
136ee42db0,2026-09-29T18:16:43.238827+00:00,BTC,1h,STOCH_REVERSAL_BULL,LONG,83209.77,82641.1634,84665.24,2.56,swing_level_sweet,4,51,REJECT,,,43.88,473.8388,19.7,HH_HL,18,0.07,0,CLOSED,WIN,18,84665.24,51,,2026-09-29,,,,#BTC-0929-SH,2026-09-29T18:16:43.238827+00:00,BTC/USD,NY close,2.56,lab (not sent),WIN,2.56,2.56,1455.47,2.814,0.524,66081,2026-09-30T12:38:04.845186+00:00,lab,conviction
c51b6ddb70,2026-09-29T18:17:13.967481+00:00,NQ,15m,VWAP_BOUNCE_BULL,LONG,30592.5,30511.2812,30759.25,2.05,swing_level_sweet,-8,55,MEDIUM,,scalp (15-90 min) - flat by 4PM ET,50.84,56.0938,25.03,MIXED,18,0.1,0,CLOSED,WIN,6,30645.25,55,,2026-09-29,0,0,,#NQ-0929-KT,2026-09-29T18:17:13.967481+00:00,CON.F.US.ENQ.Z26,NY close,2.05,control,WIN,0.649,0.649,52.75,0.84,0.145,5887,2026-09-29T19:55:21.903483+00:00,real,
8dd4d54ce5,2026-09-29T18:20:22.748739+00:00,NQ,15m,VWAP_REJECT_BEAR,SHORT,30588.25,30609.0295,30545.5,2.06,swing_level_sweet,-8,26,REJECT,,,50.31,56.3974,24.96,MIXED,18,0.24,0,CLOSED,LOSS,0,30609.0295,26,,2026-09-29,,,,#NQ-0929-DN,2026-09-29T18:20:22.748739+00:00,CON.F.US.ENQ.Z26,NY close,2.06,lab (not sent),LOSS,-1.0,-1.0,-20.7795,0.0,1.829,663,2026-09-29T18:31:26.057399+00:00,lab,open_call:setup_off
3c4d6b2ada,2026-09-29T18:36:28.086317+00:00,NQ,15m,VWAP_BOUNCE_BULL,LONG,30600.5,30573.0877,30632.5,1.17,swing_level,-8,55,MEDIUM,,,51.76,57.0616,22.92,MIXED,18,0.34,0,CLOSED,WIN,0,30632.5,55,,2026-09-29,,,,#NQ-0929-KJ,2026-09-29T18:36:28.086317+00:00,CON.F.US.ENQ.Z26,NY close,1.17,lab (not sent),WIN,1.17,1.167,32.0,1.851,0.0,300,2026-09-29T18:41:28.740800+00:00,lab,open_call:rr_too_low
8721745c05,2026-09-29T18:50:32.186143+00:00,NQ,15m,VWAP_BOUNCE_BULL,LONG,30640.25,30569.3738,30782.5,2.01,swing_level_sweet,-8,55,MEDIUM,,,56.36,56.8812,21.97,MIXED,18,0.23,0,CLOSED,WIN,4,30645.25,55,,2026-09-29,,,,#NQ-0929-85,2026-09-29T18:50:32.186143+00:00,CON.F.US.ENQ.Z26,NY close,2.01,lab (not sent),WIN,0.071,0.071,5.0,0.229,0.621,3890,2026-09-29T19:55:22.615868+00:00,lab,open_call
20f85b7844,2026-09-29T18:50:32.516017+00:00,BTC,1h,STOCH_REVERSAL_BULL,LONG,83520.23,82739.1513,86384.73,3.67,swing_level,4,51,REJECT,,,48.89,492.9217,18.88,HH_HL,18,0.72,0,CLOSED,SKIP,25,83520.23,51,,2026-09-29,,,,#BTC-0929-6F,2026-09-29T18:50:32.516017+00:00,BTC/USD,NY close,3.67,lab (not sent),SKIP,0.0,0.0,0.0,2.68,0.779,90589,2026-09-30T20:00:22.366090+00:00,lab,conviction
f20feab451,2026-09-29T18:55:33.720270+00:00,BTC,1h,VWAP_BOUNCE_BULL,LONG,83590.5,82835.9735,86384.73,3.7,swing_level,4,19,REJECT,,,49.91,501.7324,18.54,HH_HL,18,0.9,0,CLOSED,SKIP,25,83590.5,19,,2026-09-29,,,,#BTC-0929-PE,2026-09-29T18:55:33.720270+00:00,BTC/USD,NY close,3.7,lab (not sent),SKIP,0.0,0.0,0.0,2.681,0.899,90288,2026-09-30T20:00:22.366123+00:00,lab,conviction
2b8e84d0de,2026-09-29T19:00:35.184220+00:00,GC,4h,BREAK_RETEST_BEAR,SHORT,4203.5,4224.5619,4143.1,2.87,swing_level_sweet,-10,24,REJECT,,,40.18,32.9048,41.97,LH_LL,19,0.72,0,CLOSED,LOSS,0,4207.1,24,,2026-09-29,,,,#GC-0929-RG,2026-09-29T19:00:35.184220+00:00,CON.F.US.GCE.Z26,NY close,2.87,lab (not sent),LOSS,-0.171,-0.171,-3.6,0.147,0.204,3287,2026-09-29T19:55:22.986132+00:00,lab,conviction
0a98935e61,2026-09-29T19:10:37.682980+00:00,BTC,1h,VWAP_BOUNCE_BULL,LONG,83618.38,82953.0081,84992.0,2.06,swing_level_sweet,6,19,REJECT,,,50.31,473.2094,17.65,HH_HL,19,0.1,0,CLOSED,LOSS,11,82953.0081,19,,2026-09-29,,,,#BTC-0929-AW,2026-09-29T19:10:37.682980+00:00,BTC/USD,NY close,2.06,lab (not sent),LOSS,-1.0,-1.0,-665.3719,0.318,1.012,41931,2026-09-30T06:49:29.279646+00:00,lab,rr_too_low
7a349ecdc3,2026-09-29T19:25:40.671375+00:00,BTC,1h,VWAP_BOUNCE_BULL,LONG,83606.75,82952.4744,85250.0,2.51,swing_level_sweet,6,19,REJECT,,,50.13,475.878,17.65,HH_HL,19,0.24,0,CLOSED,LOSS,11,82952.4744,19,,2026-09-29,,,,#BTC-0929-69,2026-09-29T19:25:40.671375+00:00,BTC/USD,NY close,2.51,lab (not sent),LOSS,-1.0,-1.0,-654.2756,0.341,1.011,41028,2026-09-30T06:49:29.661084+00:00,lab,conviction
452e216ecf,2026-09-30T00:25:50.090649+00:00,NQ,15m,VWAP_REJECT_BEAR,SHORT,30702.5,30744.4906,30564.25,3.29,swing_level,-5,26,REJECT,,,59.29,37.4529,21.75,MIXED,0,0.51,0,CLOSED,WIN,24,30564.25,26,,2026-09-30,,,,#NQ-0929-P5,2026-09-30T00:25:50.090649+00:00,CON.F.US.ENQ.Z26,Asia,3.29,lab (not sent),WIN,3.29,3.292,138.25,3.292,0.256,22290,2026-09-30T06:37:20.673872+00:00,lab,setup_off
2343a41589,2026-09-30T00:55:53.837118+00:00,NQ,15m,VWAP_REJECT_BEAR,SHORT,30650.0,30720.7221,30504.5,2.06,swing_level_sweet,-5,26,REJECT,,,48.76,37.3603,20.27,MIXED,0,0.53,0,CLOSED,LOSS,46,30720.7221,26,,2026-09-30,,,,#NQ-0929-ST,2026-09-30T00:55:53.837118+00:00,CON.F.US.ENQ.Z26,Asia,2.06,lab (not sent),LOSS,-1.0,-1.0,-70.7221,1.948,1.534,41758,2026-09-30T12:31:52.085360+00:00,lab,setup_off
352b6d5943,2026-09-30T01:44:01.242472+00:00,GC,1h,VWAP_REJECT_BEAR,SHORT,4200.9,4222.3449,4144.2,2.64,swing_level_sweet,-10,14,REJECT,,,53.04,14.2247,24.95,LH_LL,1,0.61,0,CLOSED,LOSS,5,4222.3449,14,,2026-09-30,,,,#GC-0929-5G,2026-09-30T01:44:01.242472+00:00,CON.F.US.GCE.Z26,Asia,2.64,lab (not sent),LOSS,-1.0,-1.0,-21.4449,0.154,1.156,18693,2026-09-30T06:55:34.805592+00:00,lab,setup_off
164c34e92e,2026-09-30T03:22:15.934435+00:00,GC,4h,EMA21_PULLBACK_BEAR,SHORT,4211.9,4236.939,4143.1,2.75,swing_level_sweet,-10,6,REJECT,,,43.03,31.2819,39.68,LH_LL,3,0.2,0,CLOSED,LOSS,2,4236.939,6,,2026-09-30,,,,#GC-0929-VB,2026-09-30T03:22:15.934435+00:00,CON.F.US.GCE.Z26,Asia,2.75,lab (not sent),LOSS,-1.0,-1.0,-25.039,0.571,1.454,32977,2026-09-30T12:31:53.281051+00:00,lab,conviction
43da507ef3,2026-09-30T03:52:20.032566+00:00,GC,4h,EMA21_PULLBACK_BEAR,SHORT,4211.9,4236.939,4143.1,2.75,swing_level_sweet,-10,6,REJECT,,,43.03,31.2819,39.68,LH_LL,3,0.2,0,CLOSED,LOSS,2,4236.939,6,,2026-09-30,,,,#GC-0929-KY,2026-09-30T03:52:20.032566+00:00,CON.F.US.GCE.Z26,Asia,2.75,lab (not sent),LOSS,-1.0,-1.0,-25.039,0.571,1.454,31173,2026-09-30T12:31:53.593947+00:00,lab,conviction
66a8f6a66e,2026-09-30T04:12:29.906124+00:00,NQ,15m,VWAP_BOUNCE_BULL,LONG,30653.5,30622.2692,30716.0,2.0,swing_level_sweet,-7,55,MEDIUM,,scalp (15-90 min) - flat by 4PM ET,54.31,32.4038,16.97,MIXED,4,0.49,0,CLOSED,LOSS,3,30622.2692,55,,2026-09-30,0,0,,#NQ-0930-SE,2026-09-30T04:12:29.906124+00:00,CON.F.US.ENQ.Z26,Asia,2.0,control,LOSS,-1.0,-1.0,-31.2308,0.736,1.049,3253,2026-09-30T05:06:43.575574+00:00,real,
79cb0b1447,2026-09-30T04:22:36.964835+00:00,GC,4h,EMA21_PULLBACK_BEAR,SHORT,4209.7,4236.739,4143.1,2.46,swing_level_sweet,-10,6,REJECT,,,42.49,31.2819,39.68,LH_LL,4,0.3,0,CLOSED,LOSS,2,4236.739,6,,2026-09-30,,,,#GC-0930-GU,2026-09-30T04:22:36.964835+00:00,CON.F.US.GCE.Z26,Asia,2.46,lab (not sent),LOSS,-1.0,-1.0,-27.039,0.448,1.428,29356,2026-09-30T12:31:53.907264+00:00,lab,conviction
b1ed1a6539,2026-09-30T04:42:39.504454+00:00,NQ,15m,VWAP_BOUNCE_BULL,LONG,30668.5,30638.0361,30737.0,2.25,swing_level_sweet,-5,55,MEDIUM,,,57.59,31.0695,15.96,MIXED,4,0.65,0,CLOSED,LOSS,0,30638.0361,55,,2026-09-30,,,,#NQ-0930-B2,2026-09-30T04:42:39.504454+00:00,CON.F.US.ENQ.Z26,Asia,2.25,lab (not sent),LOSS,-1.0,-1.0,-30.4639,0.131,1.009,842,2026-09-30T04:56:41.931913+00:00,lab,open_call
a9309218b1,2026-09-30T04:56:42.438283+00:00,GC,4h,EMA21_PULLBACK_BEAR,SHORT,4209.7,4236.739,4143.1,2.46,swing_level_sweet,-10,6,REJECT,,,42.49,31.2819,39.68,LH_LL,4,0.3,0,CLOSED,LOSS,1,4236.739,6,,2026-09-30,,,,#GC-0930-U7,2026-09-30T04:56:42.438283+00:00,CON.F.US.GCE.Z26,Asia,2.46,lab (not sent),LOSS,-1.0,-1.0,-27.039,0.448,1.428,27311,2026-09-30T12:31:54.227278+00:00,lab,conviction
9f435e3346,2026-09-30T05:26:47.213954+00:00,GC,4h,VWAP_REJECT_BEAR,SHORT,4203.1,4226.0492,4143.1,2.61,swing_level_sweet,-10,14,REJECT,,,40.84,31.7462,39.71,LH_LL,5,0.42,0,CLOSED,LOSS,0,4226.0492,14,,2026-09-30,,,,#GC-0930-HV,2026-09-30T05:26:47.213954+00:00,CON.F.US.GCE.Z26,Asia,2.61,lab (not sent),LOSS,-1.0,-1.0,-22.9492,0.0,1.041,5510,2026-09-30T06:58:37.604869+00:00,lab,setup_off
9b6366a172,2026-09-30T05:26:47.220526+00:00,GC,4h,EMA21_PULLBACK_BEAR,SHORT,4203.1,4236.2782,4106.0,2.93,swing_level_sweet,-10,6,REJECT,,,40.84,31.7462,39.71,LH_LL,5,0.42,0,CLOSED,LOSS,1,4236.2782,6,,2026-09-30,,,,#GC-0930-W7,2026-09-30T05:26:47.220526+00:00,CON.F.US.GCE.Z26,Asia,2.93,lab (not sent),LOSS,-1.0,-1.0,-33.1782,0.0,1.362,25507,2026-09-30T12:31:54.538342+00:00,lab,conviction
2eb2c216be,2026-09-30T06:00:51.926083+00:00,GC,4h,VWAP_REJECT_BEAR,SHORT,4203.1,4226.0492,4143.1,2.61,swing_level_sweet,-10,14,REJECT,,,40.84,31.7462,39.71,LH_LL,6,0.42,0,CLOSED,LOSS,0,4226.0492,14,,2026-09-30,,,,#GC-0930-JE,2026-09-30T06:00:51.926083+00:00,CON.F.US.GCE.Z26,London,2.61,lab (not sent),LOSS,-1.0,-1.0,-22.9492,0.0,1.041,3466,2026-09-30T06:58:37.931203+00:00,lab,setup_off
5fb0793889,2026-09-30T06:00:51.933353+00:00,GC,4h,EMA21_PULLBACK_BEAR,SHORT,4203.1,4236.2782,4106.0,2.93,swing_level_sweet,-10,6,REJECT,,,40.84,31.7462,39.71,LH_LL,6,0.42,0,CLOSED,LOSS,1,4236.2782,6,,2026-09-30,,,,#GC-0930-83,2026-09-30T06:00:51.933353+00:00,CON.F.US.GCE.Z26,London,2.93,lab (not sent),LOSS,-1.0,-1.0,-33.1782,0.0,1.362,23462,2026-09-30T12:31:54.851307+00:00,lab,conviction
0f0c65aba7,2026-09-30T07:20:14.808411+00:00,NQ,15m,VWAP_BOUNCE_BULL,LONG,30668.25,30574.0795,30898.25,2.44,swing_level_sweet,-5,55,MEDIUM,,scalp (15-90 min) - flat by 4PM ET,58.41,39.6025,17.01,HH_HL,7,0.88,0,CLOSED,LOSS,12,30574.0795,55,,2026-09-30,0,0,,#NQ-0930-EF,2026-09-30T07:20:14.808411+00:00,CON.F.US.ENQ.Z26,London,2.44,control,LOSS,-1.0,-1.0,-94.1705,0.414,1.022,10856,2026-09-30T10:21:11.161656+00:00,real,
326935c2ba,2026-09-30T07:24:17.346451+00:00,BTC,15m,VWAP_BOUNCE_BULL,LONG,83325.9,82875.7487,84482.83,2.57,swing_level_sweet,2,19,REJECT,,,52.19,180.5565,15.11,MIXED,7,0.62,0,CLOSED,WIN,20,84482.83,19,,2026-09-30,,,,#BTC-0930-YE,2026-09-30T07:24:17.346451+00:00,BTC/USD,London,2.57,lab (not sent),WIN,2.57,2.57,1156.93,3.297,0.781,18827,2026-09-30T12:38:05.167291+00:00,lab,crypto_dead_zone:conviction
9e8997e3cb,2026-09-30T07:55:26.087383+00:00,BTC,1h,VWAP_BOUNCE_BULL,LONG,83397.52,82845.4786,84882.18,2.69,swing_level_sweet,2,19,REJECT,,,48.87,392.4068,14.38,MIXED,7,0.58,0,CLOSED,WIN,4,84882.18,19,,2026-09-30,,,,#BTC-0930-K9,2026-09-30T07:55:26.087383+00:00,BTC/USD,London,2.69,lab (not sent),WIN,2.69,2.689,1484.66,2.976,0.767,17141,2026-09-30T12:41:07.699622+00:00,lab,crypto_dead_zone:conviction
29c958d6b0,2026-09-30T08:50:43.912449+00:00,NQ,15m,VWAP_BOUNCE_BULL,LONG,30652.25,30628.8192,30705.5,2.27,swing_level_sweet,-3,55,MEDIUM,,,52.92,37.1542,13.55,HH_HL,8,0.25,0,CLOSED,LOSS,0,30628.8192,55,,2026-09-30,,,,#NQ-0930-WW,2026-09-30T08:50:43.912449+00:00,CON.F.US.ENQ.Z26,London,2.27,lab (not sent),LOSS,-1.0,-1.0,-23.4308,0.0,1.163,542,2026-09-30T08:59:46.052767+00:00,lab,open_call
440f5631cc,2026-09-30T09:26:52.160596+00:00,GC,1h,VWAP_REJECT_BEAR,SHORT,4214.8,4236.785,4174.4,1.84,swing_level,-10,14,REJECT,,,55.84,13.925,23.78,LH_LL,9,0.6,0,CLOSED,LOSS,3,4236.785,14,,2026-09-30,,,,#GC-0930-HK,2026-09-30T09:26:52.160596+00:00,CON.F.US.GCE.Z26,London,1.84,lab (not sent),LOSS,-1.0,-1.0,-21.985,0.318,1.524,11103,2026-09-30T12:31:55.181371+00:00,lab,rr_too_low
b447132c88,2026-09-30T09:26:52.170899+00:00,GC,1h,BB_REVERSION_BEAR,SHORT,4214.8,4238.1775,4174.4,1.73,swing_level,-10,36,REJECT,,,55.84,13.925,23.78,LH_LL,9,0.6,0,CLOSED,LOSS,3,4238.1775,36,,2026-09-30,,,,#GC-0930-Q5,2026-09-30T09:26:52.170899+00:00,CON.F.US.GCE.Z26,London,1.73,lab (not sent),LOSS,-1.0,-1.0,-23.3775,0.299,1.433,11103,2026-09-30T12:31:55.484669+00:00,lab,rr_too_low
0b162346af,2026-09-30T10:55:19.465073+00:00,NQ,15m,STOCH_REVERSAL_BULL,LONG,30597.75,30564.4946,30676.5,2.37,swing_level_sweet,-6,40,REJECT,,,44.44,33.7634,23.85,HH_HL,10,0.31,0,CLOSED,LOSS,0,30564.4946,40,,2026-09-30,,,,#NQ-0930-A2,2026-09-30T10:55:19.465073+00:00,CON.F.US.ENQ.Z26,London,2.37,lab (not sent),LOSS,-1.0,-1.0,-33.2554,0.0,1.015,602,2026-09-30T11:05:21.858411+00:00,lab,conviction
72a2802c61,2026-09-30T11:23:26.001111+00:00,NQ,15m,BB_REVERSION_BULL,LONG,30554.0,30513.944,30635.25,2.03,swing_level_sweet,-6,26,REJECT,,,37.99,36.8534,27.68,HH_HL,11,0.92,0,CLOSED,WIN,4,30635.25,26,,2026-09-30,,,,#NQ-0930-2C,2026-09-30T11:23:26.001111+00:00,CON.F.US.ENQ.Z26,London,2.03,lab (not sent),WIN,2.03,2.028,81.25,5.105,0.462,4106,2026-09-30T12:31:52.468361+00:00,lab,conviction
c81cd0ea8b,2026-09-30T11:28:27.320653+00:00,NQ,15m,STOCH_REVERSAL_BULL,LONG,30578.0,30509.4943,30716.0,2.01,swing_level_sweet,-6,40,REJECT,,,43.42,38.7641,27.68,HH_HL,11,1.49,0,CLOSED,WIN,4,30716.0,40,,2026-09-30,,,,#NQ-0930-DU,2026-09-30T11:28:27.320653+00:00,CON.F.US.ENQ.Z26,London,2.01,lab (not sent),WIN,2.01,2.014,138.0,2.635,0.62,3805,2026-09-30T12:31:52.809724+00:00,lab,conviction
d51b848448,2026-09-30T11:32:28.788706+00:00,GC,4h,EMA21_PULLBACK_BEAR,SHORT,4215.8,4243.0319,4143.1,2.67,swing_level_sweet,-10,6,REJECT,,,44.2,30.1062,36.52,LH_LL,11,0.22,0,CLOSED,LOSS,0,4243.0319,6,,2026-09-30,,,,#GC-0930-BM,2026-09-30T11:32:28.788706+00:00,CON.F.US.GCE.Z26,London,2.67,lab (not sent),LOSS,-1.0,-1.0,-27.2319,0.07,1.193,3567,2026-09-30T12:31:55.840302+00:00,lab,conviction
c02ca72c4b,2026-09-30T12:06:35.535638+00:00,GC,4h,EMA21_PULLBACK_BEAR,SHORT,4215.8,4243.0319,4143.1,2.67,swing_level_sweet,-10,6,REJECT,,,44.2,30.1062,36.52,LH_LL,12,0.22,0,CLOSED,LOSS,0,4243.0319,6,,2026-09-30,,,,#GC-0930-SB,2026-09-30T12:06:35.535638+00:00,CON.F.US.GCE.Z26,NY pre,2.67,lab (not sent),LOSS,-1.0,-1.0,-27.2319,0.07,1.193,1520,2026-09-30T12:31:56.200031+00:00,lab,conviction
ad97145e84,2026-09-30T12:46:11.129207+00:00,NQ,15m,BREAK_RETEST_BULL,LONG,30723.75,30686.1395,30813.0,2.37,swing_level_sweet,-3,63,HIGH,,scalp (15-90 min) - flat by 4PM ET,66.27,52.7763,30.7,HH_HL,12,6.86,0,CLOSED,LOSS,0,30686.1395,63,,2026-09-30,0,0,,#NQ-0930-AC,2026-09-30T12:46:11.129207+00:00,CON.F.US.ENQ.Z26,NY pre,2.37,control,LOSS,-1.0,-1.0,-37.6105,0.0,1.123,68,2026-09-30T12:47:19.143868+00:00,real,
a19577ffd0,2026-09-30T13:20:42.312685+00:00,NQ,15m,BREAK_RETEST_BULL,LONG,30708.5,30685.9047,30759.25,2.25,swing_level_sweet,-2,63,HIGH,,scalp (15-90 min) - flat by 4PM ET,61.46,53.3632,29.95,HH_HL,13,0.66,0,CLOSED,LOSS,1,30685.9047,63,True,2026-09-30,0,0,,#NQ-0930-46,2026-09-30T13:20:42.312685+00:00,CON.F.US.ENQ.Z26,NY pre,2.25,control,LOSS,-1.0,-1.0,-22.5953,4.481,1.129,918,2026-09-30T13:36:01.096815+00:00,real,
d39be6f33d,2026-09-30T13:21:48.406730+00:00,GC,1h,BB_REVERSION_BEAR,SHORT,4226.9,4255.8495,4144.2,2.86,swing_level_sweet,-10,36,REJECT,,,58.51,15.8317,23.55,LH_LL,13,0.8,0,CLOSED,WIN,6,4186.5,36,,2026-09-30,,,,#GC-0930-V2,2026-09-30T13:21:48.406730+00:00,CON.F.US.GCE.Z26,NY pre,2.86,lab (not sent),WIN,1.396,1.396,40.4,1.682,0.003,23594,2026-09-30T19:55:03.072748+00:00,lab,conviction
fae06a61e8,2026-09-30T13:21:48.573397+00:00,BTC,15m,STOCH_REVERSAL_BEAR,SHORT,85310.58,85740.3786,84113.56,2.79,swing_level_sweet,8,22,REJECT,,,84.74,316.6465,37.63,MIXED,13,1.78,0,CLOSED,WIN,1,84113.56,22,,2026-09-30,,,,#BTC-0930-VH,2026-09-30T13:21:48.573397+00:00,BTC/USD,NY pre,2.79,lab (not sent),WIN,2.79,2.785,1197.02,3.108,0.525,1221,2026-09-30T13:42:10.131889+00:00,lab,conviction
2787245d6b,2026-09-30T13:29:52.859947+00:00,BTC,15m,BB_REVERSION_BEAR,SHORT,85147.63,85711.1523,83729.65,2.52,swing_level_sweet,8,13,REJECT,,,78.48,324.7744,37.63,MIXED,13,3.13,1,CLOSED,WIN,3,83729.65,13,,2026-09-30,,,,#BTC-0930-HS,2026-09-30T13:29:52.859947+00:00,BTC/USD,NY pre,2.52,lab (not sent),WIN,2.52,2.516,1417.98,2.641,0.69,3207,2026-09-30T14:23:20.145624+00:00,lab,conviction
99b2e675c0,2026-09-30T13:36:01.944483+00:00,NQ,15m,EMA21_PULLBACK_BULL,LONG,30731.5,30630.0628,30935.0,2.01,swing_level_sweet,-2,10,REJECT,,,63.47,59.6332,29.85,HH_HL,13,5.29,1,CLOSED,LOSS,25,30716.25,10,,2026-09-30,,,,#NQ-0930-65,2026-09-30T13:36:01.944483+00:00,CON.F.US.ENQ.Z26,NY open,2.01,lab (not sent),LOSS,-0.15,-0.15,-15.25,1.72,0.136,22741,2026-09-30T19:55:03.674885+00:00,lab,open_call:conviction
bea4666a5d,2026-09-30T13:36:02.307892+00:00,BTC,1h,EMA21_PULLBACK_BULL,LONG,84783.2,83557.2687,87282.81,2.04,swing_level_sweet,8,26,REJECT,,,63.83,530.5375,19.83,MIXED,13,2.13,1,CLOSED,LOSS,0,83557.2687,26,,2026-09-30,,,,#BTC-0930-SD,2026-09-30T13:36:02.307892+00:00,BTC/USD,NY open,2.04,lab (not sent),LOSS,-1.0,-1.0,-1225.9313,0.0,1.203,3419,2026-09-30T14:33:02.014793+00:00,lab,rr_too_low
19599fbb8a,2026-09-30T13:36:02.317059+00:00,BTC,1h,BREAK_RETEST_BULL,LONG,84783.2,84146.555,86384.73,2.52,swing_level_sweet,8,64,HIGH,,,63.83,530.5375,19.83,MIXED,13,2.13,1,CLOSED,LOSS,0,84146.555,64,,2026-09-30,,,,#BTC-0930-2E,2026-09-30T13:36:02.317059+00:00,BTC/USD,NY open,2.52,lab (not sent),LOSS,-1.0,-1.0,-636.645,0.0,1.086,2468,2026-09-30T14:17:10.842924+00:00,lab,conviction
d90a54fd55,2026-09-30T13:36:32.475331+00:00,NQ,15m,EMA21_PULLBACK_BULL,LONG,30731.5,30630.0628,30935.0,2.01,swing_level_sweet,-2,10,REJECT,,,63.47,59.6332,29.85,HH_HL,13,5.29,1,CLOSED,LOSS,25,30716.25,10,,2026-09-30,,,,#NQ-0930-WX,2026-09-30T13:36:32.475331+00:00,CON.F.US.ENQ.Z26,NY open,2.01,lab (not sent),LOSS,-0.15,-0.15,-15.25,1.72,0.136,22711,2026-09-30T19:55:04.140987+00:00,lab,conviction
bf57630394,2026-09-30T13:39:05.709022+00:00,BTC,15m,BB_REVERSION_BEAR,SHORT,84381.28,85626.1855,83120.23,1.01,swing_level,8,13,REJECT,,,57.08,392.6183,36.5,MIXED,13,4.17,1,CLOSED,WIN,75,83120.23,13,,2026-09-30,,,,#BTC-0930-BS,2026-09-30T13:39:05.709022+00:00,BTC/USD,NY open,1.01,lab (not sent),WIN,1.01,1.013,1261.05,1.024,0.268,68213,2026-10-01T08:35:59.318379+00:00,lab,rr_too_low
1f059150d4,2026-09-30T13:50:50.317047+00:00,NQ,15m,BREAK_RETEST_BULL,LONG,30735.5,30683.1791,30898.25,3.11,swing_level,-2,63,HIGH,,scalp (15-90 min) - flat by 4PM ET,61.39,60.1772,30.14,HH_HL,13,1.33,0,CLOSED,WIN,8,30898.25,63,True,2026-09-30,0,0,,#NQ-0930-QQ,2026-09-30T13:50:50.317047+00:00,CON.F.US.ENQ.Z26,NY open,3.11,control,WIN,3.11,3.111,162.75,3.259,0.0,7235,2026-09-30T15:51:25.914113+00:00,real,
919293d91b,2026-09-30T13:52:05.423397+00:00,GC,1h,BB_REVERSION_BEAR,SHORT,4222.7,4255.9867,4144.2,2.36,swing_level_sweet,-10,36,REJECT,,,56.27,16.2889,23.55,LH_LL,13,1.5,0,CLOSED,WIN,6,4186.5,36,,2026-09-30,,,,#GC-0930-KQ,2026-09-30T13:52:05.423397+00:00,CON.F.US.GCE.Z26,NY open,2.36,lab (not sent),WIN,1.088,1.088,36.2,1.337,0.0,21779,2026-09-30T19:55:04.581028+00:00,lab,conviction
1c75ef4a78,2026-09-30T13:52:37.179492+00:00,GC,1h,VWAP_REJECT_BEAR,SHORT,4209.2,4254.5292,4144.2,1.43,swing_level,-10,14,REJECT,,,50.12,17.146,22.92,LH_LL,13,2.2,0,CLOSED,WIN,6,4186.5,14,,2026-09-30,,,,#GC-0930-6P,2026-09-30T13:52:37.179492+00:00,CON.F.US.GCE.Z26,NY open,1.43,lab (not sent),WIN,0.501,0.501,22.7,0.684,0.128,21747,2026-09-30T19:55:05.038533+00:00,lab,rr_too_low
ef48333b33,2026-09-30T13:52:37.392274+00:00,BTC,1h,VWAP_BOUNCE_BULL,LONG,84551.61,83599.5959,87282.81,2.87,swing_level_sweet,8,19,REJECT,,,60.51,584.1704,19.83,MIXED,13,3.56,0,CLOSED,LOSS,0,83599.5959,19,,2026-09-30,,,,#BTC-0930-WF,2026-09-30T13:52:37.392274+00:00,BTC/USD,NY open,2.87,lab (not sent),LOSS,-1.0,-1.0,-952.0141,0.064,1.306,2425,2026-09-30T14:33:02.437276+00:00,lab,conviction
aaf71ba4ac,2026-09-30T13:52:37.399521+00:00,BTC,1h,EMA21_PULLBACK_BULL,LONG,84551.61,83541.1789,87282.81,2.7,swing_level_sweet,8,26,REJECT,,,60.51,584.1704,19.83,MIXED,13,3.56,0,CLOSED,LOSS,0,83541.1789,26,,2026-09-30,,,,#BTC-0930-TB,2026-09-30T13:52:37.399521+00:00,BTC/USD,NY open,2.7,lab (not sent),LOSS,-1.0,-1.0,-1010.4311,0.06,1.23,2425,2026-09-30T14:33:02.883505+00:00,lab,conviction
af258c66c4,2026-09-30T13:58:45.043385+00:00,BTC,15m,VWAP_BOUNCE_BULL,LONG,84479.96,83892.8249,85158.5,1.16,swing_level,8,19,REJECT,,,59.15,409.6254,33.94,MIXED,13,1.98,0,CLOSED,LOSS,1,83892.8249,19,,2026-09-30,,,,#BTC-0930-9N,2026-09-30T13:58:45.043385+00:00,BTC/USD,NY open,1.16,lab (not sent),LOSS,-1.0,-1.0,-587.1351,0.225,1.398,1475,2026-09-30T14:23:20.524352+00:00,lab,rr_too_low
246db099b4,2026-09-30T14:00:16.999451+00:00,BTC,1h,BB_REVERSION_BEAR,SHORT,84551.61,85688.1711,80843.61,3.26,swing_level,8,13,REJECT,,,60.51,584.1704,19.83,MIXED,14,3.56,0,CLOSED,SKIP,29,84551.61,13,,2026-09-30,,,,#BTC-0930-HU,2026-09-30T14:00:16.999451+00:00,BTC/USD,NY open,3.26,lab (not sent),SKIP,0.0,-0.0,-0.0,1.271,0.0,107992,2026-10-01T20:00:09.693502+00:00,lab,conviction
74a5ee5465,2026-09-30T14:17:11.318683+00:00,BTC,15m,MACD_CROSS_BEAR,SHORT,84182.09,84733.0313,82736.0,2.62,swing_level_sweet,8,35,REJECT,,,51.94,402.6042,29.44,MIXED,14,0.68,0,CLOSED,LOSS,108,84733.0313,35,,2026-09-30,,,,#BTC-0930-ZQ,2026-09-30T14:17:11.318683+00:00,BTC/USD,NY open,2.62,lab (not sent),LOSS,-1.0,-1.0,-550.9413,1.951,1.089,97535,2026-10-01T17:22:46.576534+00:00,lab,conviction
2d62a049bf,2026-09-30T14:20:15.222396+00:00,BTC,15m,VWAP_REJECT_BEAR,SHORT,84010.51,84695.1803,82550.0,2.13,swing_level_sweet,8,31,REJECT,,,48.82,414.6514,29.62,MIXED,14,1.55,0,CLOSED,LOSS,107,84695.1803,31,,2026-09-30,,,,#BTC-0930-7Z,2026-09-30T14:20:15.222396+00:00,BTC/USD,NY open,2.13,lab (not sent),LOSS,-1.0,-1.0,-684.6703,1.32,1.011,97050,2026-10-01T17:17:45.368358+00:00,lab,rr_too_low
1f0c72d9fb,2026-09-30T14:20:15.233880+00:00,BTC,15m,MACD_CROSS_BEAR,SHORT,84010.51,84736.6454,82550.0,2.01,swing_level_sweet,8,35,REJECT,,,48.82,414.6514,29.62,MIXED,14,1.55,0,CLOSED,LOSS,108,84736.6454,35,,2026-09-30,,,,#BTC-0930-RX,2026-09-30T14:20:15.233880+00:00,BTC/USD,NY open,2.01,lab (not sent),LOSS,-1.0,-1.0,-726.1354,1.244,1.063,97351,2026-10-01T17:22:46.624998+00:00,lab,rr_too_low
3cab2deb1f,2026-09-30T14:22:48.128964+00:00,GC,1h,VWAP_REJECT_BEAR,SHORT,4210.5,4249.8157,4144.2,1.69,swing_level,-10,14,REJECT,,,50.69,16.5784,22.83,LH_LL,14,0.48,0,CLOSED,WIN,5,4186.5,14,,2026-09-30,,,,#GC-0930-AU,2026-09-30T14:22:48.128964+00:00,CON.F.US.GCE.Z26,NY open,1.69,lab (not sent),WIN,0.61,0.61,24.0,0.822,0.0,19937,2026-09-30T19:55:05.491480+00:00,lab,rr_too_low
5c9373ee6b,2026-09-30T14:22:48.361294+00:00,BTC,1h,VWAP_BOUNCE_BULL,LONG,84349.97,83667.9873,86384.73,2.98,swing_level_sweet,8,19,REJECT,,,57.64,568.3189,22.39,MIXED,14,0.29,0,CLOSED,LOSS,0,83667.9873,19,,2026-09-30,,,,#BTC-0930-UB,2026-09-30T14:22:48.361294+00:00,BTC/USD,NY open,2.98,lab (not sent),LOSS,-1.0,-1.0,-681.9827,0.0,1.071,400,2026-09-30T14:29:28.773045+00:00,lab,conviction
926de83a80,2026-09-30T14:23:19.971689+00:00,GC,1h,EMA21_PULLBACK_BEAR,SHORT,4204.3,4251.525,4144.2,1.27,swing_level,-10,6,REJECT,,,48.08,16.7499,22.65,LH_LL,14,1.16,0,CLOSED,WIN,5,4186.5,6,,2026-09-30,,,,#GC-0930-RF,2026-09-30T14:23:19.971689+00:00,CON.F.US.GCE.Z26,NY open,1.27,lab (not sent),WIN,0.377,0.377,17.8,0.553,0.083,19905,2026-09-30T19:55:05.924106+00:00,lab,rr_too_low
041496ffd7,2026-09-30T14:23:19.981328+00:00,GC,1h,MACD_CROSS_BEAR,SHORT,4204.3,4251.525,4144.2,1.27,swing_level,-10,76,HIGH,,,48.08,16.7499,22.65,LH_LL,14,1.16,0,CLOSED,WIN,5,4186.5,76,,2026-09-30,,,,#GC-0930-HJ,2026-09-30T14:23:19.981328+00:00,CON.F.US.GCE.Z26,NY open,1.27,lab (not sent),WIN,0.377,0.377,17.8,0.553,0.083,19906,2026-09-30T19:55:06.356884+00:00,lab,rr_too_low
ce58e8b2c2,2026-09-30T14:38:05.212538+00:00,GC,4h,VWAP_REJECT_BEAR,SHORT,4196.9,4257.3628,4074.0,2.03,swing_level_sweet,-10,14,REJECT,,,40.42,31.3139,34.01,LH_LL,14,0.44,0,CLOSED,WIN,1,4186.5,14,,2026-09-30,,,,#GC-0930-SF,2026-09-30T14:38:05.212538+00:00,CON.F.US.GCE.Z26,NY open,2.03,lab (not sent),WIN,0.172,0.172,10.4,0.309,0.187,19021,2026-09-30T19:55:06.773256+00:00,lab,setup_off
298c1533d1,2026-09-30T14:38:05.221903+00:00,GC,4h,EMA21_PULLBACK_BEAR,SHORT,4196.9,4260.4942,4053.9,2.25,swing_level_sweet,-10,6,REJECT,,,40.42,31.3139,34.01,LH_LL,14,0.44,0,CLOSED,WIN,1,4186.5,6,,2026-09-30,,,,#GC-0930-F4,2026-09-30T14:38:05.221903+00:00,CON.F.US.GCE.Z26,NY open,2.25,lab (not sent),WIN,0.164,0.164,10.4,0.294,0.178,19021,2026-09-30T19:55:07.202535+00:00,lab,conviction
211e2ed448,2026-09-30T14:47:08.010967+00:00,BTC,15m,STOCH_REVERSAL_BULL,LONG,83603.5,83100.6811,84992.0,2.76,swing_level_sweet,4,51,REJECT,,,43.19,419.0158,29.1,MIXED,14,0.19,0,CLOSED,WIN,106,84992.0,51,,2026-09-30,,,,#BTC-0930-X2,2026-09-30T14:47:08.010967+00:00,BTC/USD,NY open,2.76,lab (not sent),WIN,2.76,2.761,1388.5,2.812,0.987,96279,2026-10-01T17:31:47.998899+00:00,lab,conviction
4e389097f0,2026-09-30T14:57:10.327281+00:00,GC,1h,VWAP_REJECT_BEAR,SHORT,4204.1,4249.9685,4144.2,1.31,swing_level,-10,14,REJECT,,,48.0,17.3427,21.96,LH_LL,14,2.06,0,CLOSED,WIN,4,4186.5,14,,2026-09-30,,,,#GC-0930-69,2026-09-30T14:57:10.327281+00:00,CON.F.US.GCE.Z26,NY open,1.31,lab (not sent),WIN,0.384,0.384,17.6,0.565,0.0,17877,2026-09-30T19:55:07.639949+00:00,lab,rr_too_low
1e2a77be2c,2026-09-30T14:57:10.338329+00:00,GC,1h,EMA21_PULLBACK_BEAR,SHORT,4204.1,4251.7028,4144.2,1.26,swing_level,-10,6,REJECT,,,48.0,17.3427,21.96,LH_LL,14,2.06,0,CLOSED,WIN,4,4186.5,6,,2026-09-30,,,,#GC-0930-YY,2026-09-30T14:57:10.338329+00:00,CON.F.US.GCE.Z26,NY open,1.26,lab (not sent),WIN,0.37,0.37,17.6,0.544,0.0,17877,2026-09-30T19:55:08.079310+00:00,lab,rr_too_low
733d6b73a7,2026-09-30T14:57:10.349100+00:00,GC,1h,MACD_CROSS_BEAR,SHORT,4204.1,4251.7028,4144.2,1.26,swing_level,-10,76,HIGH,,,48.0,17.3427,21.96,LH_LL,14,2.06,0,CLOSED,WIN,4,4186.5,76,,2026-09-30,,,,#GC-0930-GK,2026-09-30T14:57:10.349100+00:00,CON.F.US.GCE.Z26,NY open,1.26,lab (not sent),WIN,0.37,0.37,17.6,0.544,0.0,17878,2026-09-30T19:55:08.507061+00:00,lab,rr_too_low
477ee92e23,2026-09-30T14:57:10.544294+00:00,BTC,15m,STOCH_REVERSAL_BULL,LONG,83840.79,83130.6108,85613.72,2.5,swing_level_sweet,4,51,REJECT,,,47.34,444.8729,28.64,MIXED,14,2.58,0,CLOSED,LOSS,70,83130.6108,51,,2026-09-30,,,,#BTC-0930-NH,2026-09-30T14:57:10.544294+00:00,BTC/USD,NY open,2.5,lab (not sent),LOSS,-1.0,-1.0,-710.1792,0.852,1.033,63529,2026-10-01T08:35:59.749032+00:00,lab,rr_too_low
0d4c30bf1c,2026-09-30T15:11:15.033220+00:00,GC,4h,VWAP_REJECT_BEAR,SHORT,4196.9,4257.3628,4074.0,2.03,swing_level_sweet,-10,14,REJECT,,,40.42,31.3139,34.01,LH_LL,15,0.44,0,CLOSED,WIN,1,4186.5,14,,2026-09-30,,,,#GC-0930-VG,2026-09-30T15:11:15.033220+00:00,CON.F.US.GCE.Z26,NY mid,2.03,lab (not sent),WIN,0.172,0.172,10.4,0.309,0.003,17033,2026-09-30T19:55:08.941668+00:00,lab,setup_off
36f4f7605d,2026-09-30T15:11:15.045261+00:00,GC,4h,EMA21_PULLBACK_BEAR,SHORT,4196.9,4260.4942,4053.9,2.25,swing_level_sweet,-10,6,REJECT,,,40.42,31.3139,34.01,LH_LL,15,0.44,0,CLOSED,WIN,1,4186.5,6,,2026-09-30,,,,#GC-0930-4W,2026-09-30T15:11:15.045261+00:00,CON.F.US.GCE.Z26,NY mid,2.25,lab (not sent),WIN,0.164,0.164,10.4,0.294,0.003,17034,2026-09-30T19:55:09.385046+00:00,lab,conviction
0f13565f84,2026-09-30T15:16:16.989465+00:00,BTC,1h,EMA21_PULLBACK_BULL,LONG,83923.28,83125.3455,86384.73,3.08,swing_level,6,26,REJECT,,,52.44,610.715,20.93,MIXED,15,0.56,0,CLOSED,LOSS,17,83125.3455,26,,2026-09-30,,,,#BTC-0930-SC,2026-09-30T15:16:16.989465+00:00,BTC/USD,NY mid,3.08,lab (not sent),LOSS,-1.0,-1.0,-797.9345,0.655,1.023,62383,2026-10-01T08:36:00.209928+00:00,lab,conviction
963eee4994,2026-09-30T15:31:20.705821+00:00,GC,1h,EMA21_PULLBACK_BEAR,SHORT,4191.7,4220.204,4144.2,1.67,swing_level,-10,6,REJECT,,,43.37,17.3468,20.65,LH_LL,15,1.79,0,CLOSED,WIN,4,4186.5,6,,2026-09-30,,,,#GC-0930-8M,2026-09-30T15:31:20.705821+00:00,CON.F.US.GCE.Z26,NY mid,1.67,lab (not sent),WIN,0.182,0.182,5.2,0.474,0.088,15829,2026-09-30T19:55:09.829642+00:00,lab,rr_too_low
7492639a11,2026-09-30T15:41:23.486975+00:00,GC,4h,VWAP_REJECT_BEAR,SHORT,4189.2,4257.5485,4049.2,2.05,swing_level_sweet,-10,14,REJECT,,,39.02,32.2425,34.43,LH_LL,15,1.05,0,CLOSED,WIN,1,4186.5,14,,2026-09-30,,,,#GC-0930-UA,2026-09-30T15:41:23.486975+00:00,CON.F.US.GCE.Z26,NY mid,2.05,lab (not sent),WIN,0.04,0.04,2.7,0.161,0.073,15226,2026-09-30T19:55:10.274304+00:00,lab,setup_off
89ee2baf25,2026-09-30T15:41:23.495196+00:00,GC,4h,EMA21_PULLBACK_BEAR,SHORT,4189.2,4260.7727,4035.0,2.15,swing_level_sweet,-10,6,REJECT,,,39.02,32.2425,34.43,LH_LL,15,1.05,0,CLOSED,WIN,1,4186.5,6,,2026-09-30,,,,#GC-0930-AX,2026-09-30T15:41:23.495196+00:00,CON.F.US.GCE.Z26,NY mid,2.15,lab (not sent),WIN,0.038,0.038,2.7,0.154,0.07,15227,2026-09-30T19:55:10.699072+00:00,lab,conviction
818e7e60af,2026-09-30T15:41:23.690332+00:00,BTC,15m,VWAP_BOUNCE_BULL,LONG,84152.08,83537.9491,85613.72,2.38,swing_level_sweet,8,19,REJECT,,,52.91,425.3543,25.37,MIXED,15,0.95,0,CLOSED,LOSS,16,83537.9491,19,,2026-09-30,,,,#BTC-0930-MS,2026-09-30T15:41:23.690332+00:00,BTC/USD,NY mid,2.38,lab (not sent),LOSS,-1.0,-1.0,-614.1309,0.479,1.092,15035,2026-09-30T19:51:59.055831+00:00,lab,rr_too_low
41ed320a2b,2026-09-30T15:41:23.700433+00:00,BTC,15m,EMA21_PULLBACK_BULL,LONG,84152.08,83495.4137,85613.72,2.23,swing_level_sweet,8,26,REJECT,,,52.91,425.3543,25.37,MIXED,15,0.95,0,CLOSED,LOSS,16,83495.4137,26,,2026-09-30,,,,#BTC-0930-K7,2026-09-30T15:41:23.700433+00:00,BTC/USD,NY mid,2.23,lab (not sent),LOSS,-1.0,-1.0,-656.6663,0.448,1.021,15035,2026-09-30T19:51:59.466770+00:00,lab,rr_too_low
ac3113ca9b,2026-09-30T15:46:25.449525+00:00,BTC,1h,VWAP_BOUNCE_BULL,LONG,84084.79,83181.7819,86384.73,2.55,swing_level_sweet,8,19,REJECT,,,54.0,633.8907,20.93,MIXED,15,1.15,0,CLOSED,LOSS,16,83181.7819,19,,2026-09-30,,,,#BTC-0930-T5,2026-09-30T15:46:25.449525+00:00,BTC/USD,NY mid,2.55,lab (not sent),LOSS,-1.0,-1.0,-903.0081,0.4,1.083,60575,2026-10-01T08:36:00.722908+00:00,lab,conviction
8097010bba,2026-09-30T15:46:25.456109+00:00,BTC,1h,EMA21_PULLBACK_BULL,LONG,84084.79,83118.3928,86734.0,2.74,swing_level_sweet,8,26,REJECT,,,54.0,633.8907,20.93,MIXED,15,1.15,0,CLOSED,LOSS,16,83118.3928,26,,2026-09-30,,,,#BTC-0930-GN,2026-09-30T15:46:25.456109+00:00,BTC/USD,NY mid,2.74,lab (not sent),LOSS,-1.0,-1.0,-966.3972,0.374,1.012,60575,2026-10-01T08:36:01.177638+00:00,lab,conviction
43cebdc388,2026-09-30T16:11:32.257361+00:00,GC,4h,VWAP_REJECT_BEAR,SHORT,4189.2,4257.5485,4049.2,2.05,swing_level_sweet,-10,14,REJECT,,,39.02,32.2425,34.43,LH_LL,16,1.05,0,CLOSED,WIN,0,4186.5,14,,2026-09-30,,,,#GC-0930-76,2026-09-30T16:11:32.257361+00:00,CON.F.US.GCE.Z26,NY mid,2.05,lab (not sent),WIN,0.04,0.04,2.7,0.161,0.073,13418,2026-09-30T19:55:11.151733+00:00,lab,setup_off
41500c1593,2026-09-30T16:11:32.266232+00:00,GC,4h,EMA21_PULLBACK_BEAR,SHORT,4189.2,4260.7727,4035.0,2.15,swing_level_sweet,-10,6,REJECT,,,39.02,32.2425,34.43,LH_LL,16,1.05,0,CLOSED,WIN,0,4186.5,6,,2026-09-30,,,,#GC-0930-FW,2026-09-30T16:11:32.266232+00:00,CON.F.US.GCE.Z26,NY mid,2.15,lab (not sent),WIN,0.038,0.038,2.7,0.154,0.07,13419,2026-09-30T19:55:11.604204+00:00,lab,conviction
42ff596ada,2026-09-30T16:16:34.264222+00:00,BTC,1h,VWAP_BOUNCE_BULL,LONG,84296.73,83500.9322,86384.73,2.62,swing_level_sweet,8,19,REJECT,,,56.04,610.4392,21.54,MIXED,16,0.34,0,CLOSED,LOSS,3,83500.9322,19,,2026-09-30,,,,#BTC-0930-8J,2026-09-30T16:16:34.264222+00:00,BTC/USD,NY mid,2.62,lab (not sent),LOSS,-1.0,-1.0,-795.7978,0.168,1.024,12925,2026-09-30T19:51:59.875317+00:00,lab,conviction
e47cb58407,2026-09-30T16:16:34.271225+00:00,BTC,1h,EMA21_PULLBACK_BULL,LONG,84296.73,83439.8882,86734.0,2.84,swing_level_sweet,8,26,REJECT,,,56.04,610.4392,21.54,MIXED,16,0.34,0,CLOSED,LOSS,7,83439.8882,26,,2026-09-30,,,,#BTC-0930-DP,2026-09-30T16:16:34.271225+00:00,BTC/USD,NY mid,2.84,lab (not sent),LOSS,-1.0,-1.0,-856.8418,0.156,1.045,28568,2026-10-01T00:12:42.775852+00:00,lab,conviction
4907c5843e,2026-09-30T16:21:42.311985+00:00,NQ,15m,BREAK_RETEST_BULL,LONG,30860.75,30819.2757,30951.5,2.19,swing_level_sweet,-2,63,HIGH,,scalp (15-90 min) - flat by 4PM ET,64.05,61.1858,37.75,HH_HL,16,0.26,0,CLOSED,LOSS,3,30819.2757,63,,2026-09-30,0,0,,#NQ-0930-E4,2026-09-30T16:21:42.311985+00:00,CON.F.US.ENQ.Z26,NY mid,2.19,control,LOSS,-1.0,-1.0,-41.4743,0.247,1.519,3315,2026-09-30T17:16:58.135451+00:00,real,
9ce0b5a7a8,2026-09-30T16:31:45.345367+00:00,NQ,15m,EMA21_PULLBACK_BULL,LONG,30836.0,30766.3632,30999.5,2.35,swing_level_sweet,-2,10,REJECT,,,60.13,58.5769,37.26,HH_HL,16,0.12,0,CLOSED,LOSS,3,30766.3632,10,,2026-09-30,,,,#NQ-0930-X8,2026-09-30T16:31:45.345367+00:00,CON.F.US.ENQ.Z26,NY mid,2.35,lab (not sent),LOSS,-1.0,-1.0,-69.6368,0.503,1.084,3316,2026-09-30T17:27:01.596024+00:00,lab,open_call:conviction
5dd62eb336,2026-09-30T16:41:48.135218+00:00,GC,4h,VWAP_REJECT_BEAR,SHORT,4192.0,4257.5485,4053.9,2.11,swing_level_sweet,-10,14,REJECT,,,39.51,32.2425,34.43,LH_LL,16,1.34,0,CLOSED,WIN,0,4186.5,14,,2026-09-30,,,,#GC-0930-SN,2026-09-30T16:41:48.135218+00:00,CON.F.US.GCE.Z26,NY mid,2.11,lab (not sent),WIN,0.084,0.084,5.5,0.211,0.0,11603,2026-09-30T19:55:12.024789+00:00,lab,setup_off
91c8093af1,2026-09-30T16:41:48.143386+00:00,GC,4h,EMA21_PULLBACK_BEAR,SHORT,4192.0,4260.7727,4053.9,2.01,swing_level_sweet,-10,6,REJECT,,,39.51,32.2425,34.43,LH_LL,16,1.34,0,CLOSED,WIN,0,4186.5,6,,2026-09-30,,,,#GC-0930-UJ,2026-09-30T16:41:48.143386+00:00,CON.F.US.GCE.Z26,NY mid,2.01,lab (not sent),WIN,0.08,0.08,5.5,0.201,0.0,11604,2026-09-30T19:55:12.445897+00:00,lab,conviction
c5b8d11cd1,2026-09-30T16:46:50.148750+00:00,BTC,1h,VWAP_BOUNCE_BULL,LONG,84315.34,83499.4577,86384.73,2.54,swing_level_sweet,8,19,REJECT,,,56.21,617.8113,21.7,MIXED,16,0.92,0,CLOSED,LOSS,3,83499.4577,19,,2026-09-30,,,,#BTC-0930-45,2026-09-30T16:46:50.148750+00:00,BTC/USD,NY mid,2.54,lab (not sent),LOSS,-1.0,-1.0,-815.8823,0.092,1.022,11110,2026-09-30T19:52:00.364619+00:00,lab,conviction
6b2335e449,2026-09-30T16:46:50.156149+00:00,BTC,1h,EMA21_PULLBACK_BULL,LONG,84315.34,83437.6766,86734.0,2.76,swing_level_sweet,8,26,REJECT,,,56.21,617.8113,21.7,MIXED,16,0.92,0,CLOSED,LOSS,7,83437.6766,26,,2026-09-30,,,,#BTC-0930-KS,2026-09-30T16:46:50.156149+00:00,BTC/USD,NY mid,2.76,lab (not sent),LOSS,-1.0,-1.0,-877.6634,0.085,1.042,26753,2026-10-01T00:12:43.223683+00:00,lab,conviction
40b78c9bc3,2026-09-30T17:01:53.374055+00:00,NQ,15m,EMA21_PULLBACK_BULL,LONG,30866.75,30783.2566,31043.75,2.12,swing_level_sweet,-2,10,REJECT,,,63.81,55.0454,35.81,HH_HL,17,0.07,0,CLOSED,LOSS,1,30783.2566,10,,2026-09-30,,,,#NQ-0930-UB,2026-09-30T17:01:53.374055+00:00,CON.F.US.ENQ.Z26,NY mid,2.12,lab (not sent),LOSS,-1.0,-1.0,-83.4934,0.0,1.273,1508,2026-09-30T17:27:02.065005+00:00,lab,open_call:conviction
53392f9092,2026-09-30T17:11:56.288282+00:00,GC,4h,VWAP_REJECT_BEAR,SHORT,4192.0,4257.5485,4053.9,2.11,swing_level_sweet,-10,14,REJECT,,,39.51,32.2425,34.43,LH_LL,17,1.34,0,CLOSED,WIN,0,4186.5,14,,2026-09-30,,,,#GC-0930-8B,2026-09-30T17:11:56.288282+00:00,CON.F.US.GCE.Z26,NY mid,2.11,lab (not sent),WIN,0.084,0.084,5.5,0.211,0.0,9796,2026-09-30T19:55:12.895122+00:00,lab,setup_off
5a80039172,2026-09-30T17:11:56.297157+00:00,GC,4h,EMA21_PULLBACK_BEAR,SHORT,4192.0,4260.7727,4053.9,2.01,swing_level_sweet,-10,6,REJECT,,,39.51,32.2425,34.43,LH_LL,17,1.34,0,CLOSED,WIN,0,4186.5,6,,2026-09-30,,,,#GC-0930-29,2026-09-30T17:11:56.297157+00:00,CON.F.US.GCE.Z26,NY mid,2.01,lab (not sent),WIN,0.08,0.08,5.5,0.201,0.0,9797,2026-09-30T19:55:13.322382+00:00,lab,conviction
e3b7ff98ff,2026-09-30T17:22:00.084277+00:00,NQ,15m,EMA21_PULLBACK_BULL,LONG,30804.0,30780.6114,30827.5,1.0,swing_level,-2,10,REJECT,,,53.75,56.5357,33.95,HH_HL,17,0.46,0,CLOSED,LOSS,0,30780.6114,10,,2026-09-30,,,,#NQ-0930-FX,2026-09-30T17:22:00.084277+00:00,CON.F.US.ENQ.Z26,NY mid,1.0,lab (not sent),LOSS,-1.0,-1.0,-23.3886,0.0,1.593,302,2026-09-30T17:27:02.474084+00:00,lab,rr_too_low
5800adac49,2026-09-30T17:32:04.113204+00:00,NQ,15m,VWAP_BOUNCE_BULL,LONG,30804.0,30749.4561,30931.0,2.33,swing_level_sweet,-2,55,MEDIUM,,scalp (15-90 min) - flat by 4PM ET,53.6,55.2194,31.19,HH_HL,17,0.09,0,CLOSED,LOSS,9,30716.25,55,True,2026-09-30,0,0,,#NQ-0930-HJ,2026-09-30T17:32:04.113204+00:00,CON.F.US.ENQ.Z26,NY mid,2.33,control,LOSS,-1.609,-1.609,-87.75,1.114,0.614,8589,2026-09-30T19:55:13.750658+00:00,real,
9b297ac43b,2026-09-30T17:32:04.785972+00:00,NQ,15m,EMA21_PULLBACK_BULL,LONG,30804.0,30743.9342,30931.0,2.11,swing_level_sweet,-2,10,REJECT,,,53.6,55.2194,31.19,HH_HL,17,0.09,0,CLOSED,LOSS,9,30716.25,10,,2026-09-30,,,,#NQ-0930-DT,2026-09-30T17:32:04.785972+00:00,CON.F.US.ENQ.Z26,NY mid,2.11,lab (not sent),LOSS,-1.461,-1.461,-87.75,1.011,0.558,8589,2026-09-30T19:55:14.627743+00:00,lab,conviction
7429a42faa,2026-09-30T17:37:06.332168+00:00,NQ,15m,EMA21_PULLBACK_BULL,LONG,30808.25,30743.6556,30951.5,2.22,swing_level_sweet,-2,10,REJECT,,,54.12,56.148,31.19,HH_HL,17,0.28,0,CLOSED,LOSS,9,30716.25,10,,2026-09-30,,,,#NQ-0930-PM,2026-09-30T17:37:06.332168+00:00,CON.F.US.ENQ.Z26,NY mid,2.22,lab (not sent),LOSS,-1.424,-1.424,-92.0,0.875,0.584,8288,2026-09-30T19:55:15.090141+00:00,lab,open_call:conviction
00ab1d9c87,2026-09-30T17:42:07.804570+00:00,GC,4h,VWAP_REJECT_BEAR,SHORT,4184.7,4257.5599,4035.0,2.05,swing_level_sweet,-10,14,REJECT,,,38.24,32.2996,34.46,LH_LL,17,1.65,0,CLOSED,LOSS,0,4186.5,14,,2026-09-30,,,,#GC-0930-H2,2026-09-30T17:42:07.804570+00:00,CON.F.US.GCE.Z26,NY mid,2.05,lab (not sent),LOSS,-0.025,-0.025,-1.8,0.089,0.044,7987,2026-09-30T19:55:15.518320+00:00,lab,setup_off
08d6c7a0be,2026-09-30T17:42:07.813806+00:00,GC,4h,EMA21_PULLBACK_BEAR,SHORT,4184.7,4260.7899,4019.0,2.18,swing_level_sweet,-10,6,REJECT,,,38.24,32.2996,34.46,LH_LL,17,1.65,0,CLOSED,LOSS,0,4186.5,6,,2026-09-30,,,,#GC-0930-M2,2026-09-30T17:42:07.813806+00:00,CON.F.US.GCE.Z26,NY mid,2.18,lab (not sent),LOSS,-0.024,-0.024,-1.8,0.085,0.042,7988,2026-09-30T19:55:15.965278+00:00,lab,conviction
a34fa4e75f,2026-09-30T18:07:06.939748+00:00,NQ,15m,EMA21_PULLBACK_BULL,LONG,30843.75,30791.3187,30951.5,2.06,swing_level_sweet,-2,10,REJECT,,,57.56,54.7814,28.44,HH_HL,18,0.23,1,CLOSED,LOSS,3,30791.3187,10,,2026-09-30,,,,#NQ-0930-AD,2026-09-30T18:07:06.939748+00:00,CON.F.US.ENQ.Z26,NY close,2.06,lab (not sent),LOSS,-1.0,-1.0,-52.4313,0.296,1.016,2970,2026-09-30T18:56:37.089215+00:00,lab,open_call:conviction
d83a12feb0,2026-09-30T18:12:15.137071+00:00,GC,4h,VWAP_REJECT_BEAR,SHORT,4184.7,4257.5599,4035.0,2.05,swing_level_sweet,-10,14,REJECT,,,38.24,32.2996,34.46,LH_LL,18,1.65,1,CLOSED,LOSS,0,4186.5,14,,2026-09-30,,,,#GC-0930-GG,2026-09-30T18:12:15.137071+00:00,CON.F.US.GCE.Z26,NY close,2.05,lab (not sent),LOSS,-0.025,-0.025,-1.8,0.06,0.044,6181,2026-09-30T19:55:16.408554+00:00,lab,setup_off
64e1c2577c,2026-09-30T18:12:15.146998+00:00,GC,4h,EMA21_PULLBACK_BEAR,SHORT,4184.7,4260.7899,4019.0,2.18,swing_level_sweet,-10,6,REJECT,,,38.24,32.2996,34.46,LH_LL,18,1.65,1,CLOSED,LOSS,0,4186.5,6,,2026-09-30,,,,#GC-0930-NA,2026-09-30T18:12:15.146998+00:00,CON.F.US.GCE.Z26,NY close,2.18,lab (not sent),LOSS,-0.024,-0.024,-1.8,0.058,0.042,6181,2026-09-30T19:55:16.843948+00:00,lab,conviction
2b369ecca7,2026-09-30T18:36:31.542690+00:00,NQ,1h,VWAP_BOUNCE_BULL,LONG,30809.25,30741.2409,30999.5,2.8,swing_level_sweet,-2,55,MEDIUM,,,59.56,96.2956,14.76,HH_HL,18,1.08,0,CLOSED,LOSS,1,30716.25,55,,2026-09-30,,,,#NQ-0930-JX,2026-09-30T18:36:31.542690+00:00,CON.F.US.ENQ.Z26,NY close,2.8,lab (not sent),LOSS,-1.367,-1.367,-93.0,0.72,0.57,4725,2026-09-30T19:55:17.289254+00:00,lab,open_call
47bf0f55dc,2026-09-30T18:41:33.123045+00:00,NQ,15m,EMA21_PULLBACK_BULL,LONG,30822.25,30791.31,30894.75,2.34,swing_level_sweet,-2,10,REJECT,,,54.0,54.8,25.11,HH_HL,18,0.61,0,CLOSED,LOSS,1,30791.31,10,,2026-09-30,,,,#NQ-0930-U2,2026-09-30T18:41:33.123045+00:00,CON.F.US.ENQ.Z26,NY close,2.34,lab (not sent),LOSS,-1.0,-1.0,-30.94,0.186,1.026,904,2026-09-30T18:56:37.485288+00:00,lab,open_call:conviction
1588537989,2026-09-30T18:46:34.511313+00:00,GC,4h,VWAP_REJECT_BEAR,SHORT,4183.4,4221.1568,4106.0,2.05,swing_level_sweet,-10,14,REJECT,,,38.11,30.7838,33.48,LH_LL,18,0.15,0,CLOSED,LOSS,0,4186.5,14,,2026-09-30,,,,#GC-0930-97,2026-09-30T18:46:34.511313+00:00,CON.F.US.GCE.Z26,NY close,2.05,lab (not sent),LOSS,-0.082,-0.082,-3.1,0.077,0.119,4123,2026-09-30T19:55:17.713609+00:00,lab,setup_off
069fbeeb99,2026-09-30T19:11:42.918470+00:00,NQ,15m,EMA21_PULLBACK_BULL,LONG,30845.75,30774.641,30999.5,2.16,swing_level_sweet,-2,10,REJECT,,,56.97,52.8633,22.38,HH_HL,19,0.63,0,CLOSED,LOSS,2,30774.641,10,,2026-09-30,,,,#NQ-0930-SY,2026-09-30T19:11:42.918470+00:00,CON.F.US.ENQ.Z26,NY close,2.16,lab (not sent),LOSS,-1.0,-1.0,-71.109,0.176,1.058,2415,2026-09-30T19:51:58.484507+00:00,lab,open_call:conviction
0e2126631e,2026-09-30T22:37:07.208604+00:00,NQ,15m,EMA50_RECLAIM,LONG,30768.0,30728.2517,30894.75,3.19,swing_level,-2,13,REJECT,,,49.02,50.8508,26.92,HH_HL,22,0.06,0,CLOSED,LOSS,7,30728.2517,13,,2026-10-01,,,,#NQ-0930-P4,2026-09-30T22:37:07.208604+00:00,CON.F.US.ENQ.Z26,Asia,3.19,lab (not sent),LOSS,-1.0,-1.0,-39.7483,1.667,1.063,6888,2026-10-01T00:31:55.815709+00:00,lab,conviction
a8279dc1f6,2026-09-30T22:40:07.841864+00:00,NQ,15m,VWAP_BOUNCE_BULL,LONG,30769.25,30720.5441,30894.75,2.58,swing_level_sweet,-2,55,MEDIUM,,scalp (15-90 min) - flat by 4PM ET,49.2,51.0294,26.84,HH_HL,22,0.08,0,CLOSED,WIN,21,30894.75,55,True,2026-10-01,0,0,,#NQ-0930-KY,2026-09-30T22:40:07.841864+00:00,CON.F.US.ENQ.Z26,Asia,2.58,control,WIN,2.58,2.577,125.5,3.013,0.914,18926,2026-10-01T03:55:34.223239+00:00,real,
efe178e7ab,2026-09-30T22:44:19.283308+00:00,NQ,15m,EMA50_RECLAIM,LONG,30778.25,30727.7518,30894.75,2.31,swing_level_sweet,-2,13,REJECT,,,50.5,52.6544,26.25,HH_HL,22,0.16,0,CLOSED,LOSS,7,30727.7518,13,,2026-10-01,,,,#NQ-0930-R5,2026-09-30T22:44:19.283308+00:00,CON.F.US.ENQ.Z26,Asia,2.31,lab (not sent),LOSS,-1.0,-1.0,-50.4982,1.109,1.04,6456,2026-10-01T00:31:56.258273+00:00,lab,open_call:conviction
0ac7ffd43f,2026-09-30T22:44:19.295446+00:00,NQ,15m,EMA21_PULLBACK_BULL,LONG,30778.25,30714.9537,30906.0,2.02,swing_level_sweet,-2,10,REJECT,,,50.5,52.6544,26.25,HH_HL,22,0.16,0,CLOSED,WIN,20,30906.0,10,,2026-10-01,,,,#NQ-0930-NG,2026-09-30T22:44:19.295446+00:00,CON.F.US.ENQ.Z26,Asia,2.02,lab (not sent),WIN,2.02,2.018,127.75,2.176,0.845,18675,2026-10-01T03:55:34.628121+00:00,lab,open_call:conviction
6d9c9f6c39,2026-09-30T22:59:25.122598+00:00,NQ,15m,VWAP_BOUNCE_BULL,LONG,30773.0,30739.0713,30813.0,1.18,swing_level,-2,55,MEDIUM,,,49.71,49.6433,25.74,HH_HL,22,0.08,0,CLOSED,WIN,2,30813.0,55,,2026-10-01,,,,#NQ-0930-QU,2026-09-30T22:59:25.122598+00:00,CON.F.US.ENQ.Z26,Asia,1.18,lab (not sent),WIN,1.18,1.179,40.0,1.805,0.553,2587,2026-09-30T23:42:32.315476+00:00,lab,open_call:rr_too_low
fddfaf0d1b,2026-09-30T23:22:29.105536+00:00,NQ,15m,VWAP_BOUNCE_BULL,LONG,30785.75,30744.8852,30894.75,2.67,swing_level_sweet,-2,55,MEDIUM,,,51.88,46.8242,25.12,HH_HL,23,0.08,0,CLOSED,LOSS,4,30744.8852,55,,2026-10-01,,,,#NQ-0930-2J,2026-09-30T23:22:29.105536+00:00,CON.F.US.ENQ.Z26,Asia,2.67,lab (not sent),LOSS,-1.0,-1.0,-40.8648,1.187,1.468,4167,2026-10-01T00:31:56.740370+00:00,lab,open_call
898d3472e4,2026-09-30T23:22:29.112086+00:00,NQ,15m,EMA21_PULLBACK_BULL,LONG,30785.75,30740.2027,30894.75,2.39,swing_level_sweet,-2,10,REJECT,,,51.88,46.8242,25.12,HH_HL,23,0.08,0,CLOSED,LOSS,4,30740.2027,10,,2026-10-01,,,,#NQ-0930-5V,2026-09-30T23:22:29.112086+00:00,CON.F.US.ENQ.Z26,Asia,2.39,lab (not sent),LOSS,-1.0,-1.0,-45.5473,1.065,1.317,4168,2026-10-01T00:31:57.143452+00:00,lab,open_call:conviction
8f3dbe0b90,2026-09-30T23:42:32.752176+00:00,NQ,15m,MACD_CROSS_BULL,LONG,30828.25,30747.7875,30999.5,2.13,swing_level_sweet,-2,55,MEDIUM,,,57.96,47.375,23.5,HH_HL,23,0.23,0,CLOSED,LOSS,3,30747.7875,55,,2026-10-01,,,,#NQ-0930-SZ,2026-09-30T23:42:32.752176+00:00,CON.F.US.ENQ.Z26,Asia,2.13,lab (not sent),LOSS,-1.0,-1.0,-80.4625,0.019,1.274,2964,2026-10-01T00:31:57.553159+00:00,lab,open_call
67209c8983,2026-09-30T23:42:32.781483+00:00,NQ,1h,VWAP_BOUNCE_BULL,LONG,30828.5,30664.0869,30999.5,1.04,swing_level,-2,55,MEDIUM,,,58.96,102.0656,12.33,HH_HL,23,0.14,0,CLOSED,WIN,5,30999.5,55,,2026-10-01,,,,#NQ-0930-7R,2026-09-30T23:42:32.781483+00:00,CON.F.US.ENQ.Z26,Asia,1.04,lab (not sent),WIN,1.04,1.04,171.0,1.191,0.631,19826,2026-10-01T05:12:59.708614+00:00,lab,open_call:rr_too_low
bd97610cf8,2026-09-30T23:52:34.080116+00:00,NQ,15m,EMA21_PULLBACK_BULL,LONG,30826.0,30770.5773,30951.5,2.26,swing_level_sweet,-2,10,REJECT,,,57.56,44.6518,22.07,HH_HL,23,0.06,0,CLOSED,LOSS,2,30770.5773,10,,2026-10-01,,,,#NQ-0930-3Y,2026-09-30T23:52:34.080116+00:00,CON.F.US.ENQ.Z26,Asia,2.26,lab (not sent),LOSS,-1.0,-1.0,-55.4227,0.0,1.119,1811,2026-10-01T00:22:45.204954+00:00,lab,open_call:conviction
9f65041a51,2026-10-01T01:02:02.596215+00:00,NQ,15m,VWAP_BOUNCE_BULL,LONG,30795.25,30746.265,30894.75,2.03,swing_level_sweet,-2,55,MEDIUM,,,52.27,43.6752,22.53,HH_HL,1,0.05,0,CLOSED,WIN,11,30894.75,55,,2026-10-01,,,,#NQ-0930-2H,2026-10-01T01:02:02.596215+00:00,CON.F.US.ENQ.Z26,Asia,2.03,lab (not sent),WIN,2.03,2.031,99.5,2.465,0.0,10412,2026-10-01T03:55:35.053909+00:00,lab,open_call
cc92ce009b,2026-10-01T01:02:02.603638+00:00,NQ,15m,EMA21_PULLBACK_BULL,LONG,30795.25,30741.8974,30906.0,2.08,swing_level_sweet,-2,10,REJECT,,,52.27,43.6752,22.53,HH_HL,1,0.05,0,CLOSED,WIN,11,30906.0,10,,2026-10-01,,,,#NQ-0930-C9,2026-10-01T01:02:02.603638+00:00,CON.F.US.ENQ.Z26,Asia,2.08,lab (not sent),WIN,2.08,2.076,110.75,2.263,0.0,10412,2026-10-01T03:55:35.514574+00:00,lab,open_call:conviction
35d7524c8c,2026-10-01T04:23:42.707586+00:00,BTC,1h,VWAP_BOUNCE_BULL,LONG,83762.59,83254.9859,85158.5,2.75,swing_level_sweet,8,19,REJECT,,,51.45,423.0034,12.94,HH_HL,4,0.25,0,CLOSED,LOSS,4,83254.9859,19,,2026-10-01,,,,#BTC-1001-EH,2026-10-01T04:23:42.707586+00:00,BTC/USD,Asia,2.75,lab (not sent),LOSS,-1.0,-1.0,-507.6041,1.193,1.291,15138,2026-10-01T08:36:01.607957+00:00,lab,conviction
04414b410e,2026-10-01T04:53:54.459681+00:00,BTC,1h,VWAP_BOUNCE_BULL,LONG,83864.69,83283.7993,85613.72,3.01,swing_level,8,19,REJECT,,,53.08,423.0034,12.94,HH_HL,4,0.36,0,CLOSED,LOSS,3,83283.7993,19,,2026-10-01,,,,#BTC-1001-PE,2026-10-01T04:53:54.459681+00:00,BTC/USD,Asia,3.01,lab (not sent),LOSS,-1.0,-1.0,-580.8907,0.867,1.015,11869,2026-10-01T08:11:44.010693+00:00,lab,conviction
24050674fa,2026-10-01T05:37:04.914387+00:00,BTC,1h,VWAP_BOUNCE_BULL,LONG,84219.4,83571.6773,86384.73,3.34,swing_level,10,19,REJECT,,,58.15,433.7633,14.34,HH_HL,5,0.25,0,CLOSED,LOSS,1,83571.6773,19,,2026-10-01,,,,#BTC-1001-2W,2026-10-01T05:37:04.914387+00:00,BTC/USD,Asia,3.34,lab (not sent),LOSS,-1.0,-1.0,-647.7227,0.23,1.128,6440,2026-10-01T07:24:25.077047+00:00,lab,conviction
96f63984e9,2026-10-01T06:01:09.021991+00:00,BTC,1h,VWAP_BOUNCE_BULL,LONG,84248.88,83571.0508,86384.73,3.15,swing_level,10,19,REJECT,,,58.54,436.8961,14.43,HH_HL,6,0.35,0,CLOSED,LOSS,1,83571.0508,19,,2026-10-01,,,,#BTC-1001-JV,2026-10-01T06:01:09.021991+00:00,BTC/USD,London,3.15,lab (not sent),LOSS,-1.0,-1.0,-677.8292,0.14,1.121,4996,2026-10-01T07:24:25.528634+00:00,lab,crypto_dead_zone:conviction
6cc258218d,2026-10-01T06:46:35.881461+00:00,NQ,15m,EMA21_PULLBACK_BULL,LONG,31045.25,30971.1052,31193.5395,2.0,synthesized,-2,10,REJECT,,,63.64,41.2017,34.11,HH_HL,6,0.15,0,CLOSED,LOSS,1,30971.1052,10,,2026-10-01,,,,#NQ-1001-84,2026-10-01T06:46:35.881461+00:00,CON.F.US.ENQ.Z26,London,2.0,lab (not sent),LOSS,-1.0,-1.0,-74.1448,0.0,1.325,1785,2026-10-01T07:16:21.163421+00:00,lab,no_target
75107d6656,2026-10-01T07:16:21.686359+00:00,NQ,1h,VWAP_BOUNCE_BULL,LONG,30957.25,30928.6957,30999.5,1.48,swing_level,-2,55,MEDIUM,,,59.85,96.0554,16.47,HH_HL,7,0.2,0,CLOSED,LOSS,0,30928.6957,55,,2026-10-01,,,,#NQ-1001-CT,2026-10-01T07:16:21.686359+00:00,CON.F.US.ENQ.Z26,London,1.48,lab (not sent),LOSS,-1.0,-1.0,-28.5543,0.0,1.34,301,2026-10-01T07:21:23.134079+00:00,lab,rr_too_low
891e326a85,2026-10-01T07:27:28.515539+00:00,GC,4h,VWAP_REJECT_BEAR,SHORT,4186.5,4229.1812,4092.0,2.21,swing_level_sweet,-10,14,REJECT,,,41.51,31.9058,29.02,LH_LL,7,0.34,0,CLOSED,LOSS,3,4207.0,14,,2026-10-01,,,,#GC-1001-HB,2026-10-01T07:27:28.515539+00:00,CON.F.US.GCE.Z26,London,2.21,lab (not sent),LOSS,-0.48,-0.48,-20.5,0.19,0.733,44855,2026-10-01T19:55:03.693704+00:00,lab,setup_off
65c0a58693,2026-10-01T07:27:28.528465+00:00,GC,4h,EMA21_PULLBACK_BEAR,SHORT,4186.5,4232.3717,4092.0,2.06,swing_level_sweet,-10,6,REJECT,,,41.51,31.9058,29.02,LH_LL,7,0.34,0,CLOSED,LOSS,3,4207.0,6,,2026-10-01,,,,#GC-1001-MD,2026-10-01T07:27:28.528465+00:00,CON.F.US.GCE.Z26,London,2.06,lab (not sent),LOSS,-0.447,-0.447,-20.5,0.177,0.682,44855,2026-10-01T19:55:03.765876+00:00,lab,conviction
0e19f7b221,2026-10-01T07:35:33.399088+00:00,NQ,15m,STOCH_REVERSAL_BULL,LONG,30877.0,30773.7507,31151.5,2.66,swing_level_sweet,-2,40,REJECT,,,43.91,56.8732,31.23,HH_HL,7,1.06,0,CLOSED,LOSS,4,30773.7507,40,,2026-10-01,,,,#NQ-1001-YX,2026-10-01T07:35:33.399088+00:00,CON.F.US.ENQ.Z26,London,2.66,lab (not sent),LOSS,-1.0,-1.0,-103.2493,0.288,1.155,3625,2026-10-01T08:35:58.430710+00:00,lab,conviction
623ec5007e,2026-10-01T07:52:38.374830+00:00,NQ,15m,STOCH_REVERSAL_BULL,LONG,30858.25,30779.1828,30951.5,1.18,swing_level,-2,40,REJECT,,,42.12,57.043,31.03,HH_HL,7,0.73,0,CLOSED,LOSS,2,30779.1828,40,,2026-10-01,,,,#NQ-1001-9Q,2026-10-01T07:52:38.374830+00:00,CON.F.US.ENQ.Z26,London,1.18,lab (not sent),LOSS,-1.0,-1.0,-79.0672,0.613,1.018,2290,2026-10-01T08:30:48.691330+00:00,lab,rr_too_low
8e612e1003,2026-10-01T07:57:40.248954+00:00,GC,4h,VWAP_REJECT_BEAR,SHORT,4186.5,4229.1812,4092.0,2.21,swing_level_sweet,-10,14,REJECT,,,41.51,31.9058,29.02,LH_LL,7,0.34,0,CLOSED,LOSS,2,4207.0,14,,2026-10-01,,,,#GC-1001-XV,2026-10-01T07:57:40.248954+00:00,CON.F.US.GCE.Z26,London,2.21,lab (not sent),LOSS,-0.48,-0.48,-20.5,0.19,0.733,43043,2026-10-01T19:55:03.839597+00:00,lab,setup_off
ba4fbc2120,2026-10-01T07:57:40.258830+00:00,GC,4h,EMA21_PULLBACK_BEAR,SHORT,4186.5,4232.3717,4092.0,2.06,swing_level_sweet,-10,6,REJECT,,,41.51,31.9058,29.02,LH_LL,7,0.34,0,CLOSED,LOSS,2,4207.0,6,,2026-10-01,,,,#GC-1001-3R,2026-10-01T07:57:40.258830+00:00,CON.F.US.GCE.Z26,London,2.06,lab (not sent),LOSS,-0.447,-0.447,-20.5,0.177,0.682,43043,2026-10-01T19:55:03.911182+00:00,lab,conviction
0331aeca0a,2026-10-01T08:30:49.526006+00:00,GC,4h,VWAP_REJECT_BEAR,SHORT,4185.0,4229.2012,4092.0,2.1,swing_level_sweet,-10,14,REJECT,,,41.25,32.0058,29.02,LH_LL,8,0.59,0,CLOSED,LOSS,2,4207.0,14,,2026-10-01,,,,#GC-1001-FN,2026-10-01T08:30:49.526006+00:00,CON.F.US.GCE.Z26,London,2.1,lab (not sent),LOSS,-0.498,-0.498,-22.0,0.149,0.742,41054,2026-10-01T19:55:03.987043+00:00,lab,setup_off
fabb7112be,2026-10-01T08:30:49.534277+00:00,GC,4h,EMA21_PULLBACK_BEAR,SHORT,4185.0,4232.4017,4081.8,2.18,swing_level_sweet,-10,6,REJECT,,,41.25,32.0058,29.02,LH_LL,8,0.59,0,CLOSED,LOSS,2,4207.0,6,,2026-10-01,,,,#GC-1001-55,2026-10-01T08:30:49.534277+00:00,CON.F.US.GCE.Z26,London,2.18,lab (not sent),LOSS,-0.464,-0.464,-22.0,0.139,0.692,41054,2026-10-01T19:55:04.075437+00:00,lab,conviction
d63c031945,2026-10-01T08:41:02.625670+00:00,NQ,15m,STOCH_REVERSAL_BULL,LONG,30816.25,30759.8822,30931.0,2.04,swing_level_sweet,-3,40,REJECT,,,39.95,61.5444,29.82,HH_HL,8,1.09,0,CLOSED,WIN,8,30931.0,40,,2026-10-01,,,,#NQ-1001-2R,2026-10-01T08:41:02.625670+00:00,CON.F.US.ENQ.Z26,London,2.04,lab (not sent),WIN,2.04,2.036,114.75,2.213,0.568,7779,2026-10-01T10:50:42.132138+00:00,lab,conviction
5462a78a87,2026-10-01T08:48:06.691129+00:00,BTC,15m,BB_REVERSION_BULL,LONG,83467.7,83040.5206,84557.01,2.55,swing_level_sweet,7,35,REJECT,,,41.32,221.6979,35.47,HH_HL,8,0.05,0,CLOSED,WIN,33,84557.01,35,,2026-10-01,,,,#BTC-1001-7F,2026-10-01T08:48:06.691129+00:00,BTC/USD,London,2.55,lab (not sent),WIN,2.55,2.55,1089.31,2.636,0.266,30277,2026-10-01T17:12:44.461369+00:00,lab,crypto_dead_zone:conviction
f436f056d6,2026-10-01T08:53:07.549226+00:00,BTC,15m,BB_REVERSION_BULL,LONG,83494.16,83039.6913,84446.21,2.09,swing_level_sweet,7,35,REJECT,,,42.34,224.4622,35.47,HH_HL,8,0.19,0,CLOSED,WIN,30,84446.21,35,,2026-10-01,,,,#BTC-1001-N8,2026-10-01T08:53:07.549226+00:00,BTC/USD,London,2.09,lab (not sent),WIN,2.09,2.095,952.05,2.211,0.309,27741,2026-10-01T16:35:29.001613+00:00,lab,crypto_dead_zone:rr_too_low
36a2a20640,2026-10-01T09:03:09.821712+00:00,GC,4h,VWAP_REJECT_BEAR,SHORT,4185.0,4229.2012,4092.0,2.1,swing_level_sweet,-10,14,REJECT,,,41.25,32.0058,29.02,LH_LL,9,0.59,0,CLOSED,LOSS,2,4207.0,14,,2026-10-01,,,,#GC-1001-TX,2026-10-01T09:03:09.821712+00:00,CON.F.US.GCE.Z26,London,2.1,lab (not sent),LOSS,-0.498,-0.498,-22.0,0.124,0.742,39114,2026-10-01T19:55:04.165261+00:00,lab,setup_off
bbb5b3aa43,2026-10-01T09:03:09.831251+00:00,GC,4h,EMA21_PULLBACK_BEAR,SHORT,4185.0,4232.4017,4081.8,2.18,swing_level_sweet,-10,6,REJECT,,,41.25,32.0058,29.02,LH_LL,9,0.59,0,CLOSED,LOSS,2,4207.0,6,,2026-10-01,,,,#GC-1001-WE,2026-10-01T09:03:09.831251+00:00,CON.F.US.GCE.Z26,London,2.18,lab (not sent),LOSS,-0.464,-0.464,-22.0,0.116,0.692,39114,2026-10-01T19:55:04.258869+00:00,lab,conviction
5850fde4e4,2026-10-01T09:08:11.182589+00:00,NQ,15m,EMA50_RECLAIM,LONG,30877.25,30846.8962,30951.5,2.45,swing_level_sweet,-2,13,REJECT,,,47.37,60.5166,28.64,HH_HL,9,0.43,0,CLOSED,LOSS,3,30846.8962,13,,2026-10-01,,,,#NQ-1001-RF,2026-10-01T09:08:11.182589+00:00,CON.F.US.ENQ.Z26,London,2.45,lab (not sent),LOSS,-1.0,-1.0,-30.3538,0.881,1.326,2952,2026-10-01T09:57:23.939753+00:00,lab,conviction
0e416033db,2026-10-01T09:33:17.410412+00:00,GC,4h,VWAP_REJECT_BEAR,SHORT,4190.9,4229.284,4106.0,2.21,swing_level_sweet,-10,14,REJECT,,,42.29,32.4201,29.12,LH_LL,9,0.78,0,CLOSED,LOSS,2,4207.0,14,,2026-10-01,,,,#GC-1001-23,2026-10-01T09:33:17.410412+00:00,CON.F.US.GCE.Z26,London,2.21,lab (not sent),LOSS,-0.419,-0.419,-16.1,0.297,0.701,37306,2026-10-01T19:55:04.348286+00:00,lab,setup_off
0d2e6123cd,2026-10-01T09:33:17.418528+00:00,GC,4h,EMA21_PULLBACK_BEAR,SHORT,4190.9,4232.526,4106.0,2.04,swing_level_sweet,-10,6,REJECT,,,42.29,32.4201,29.12,LH_LL,9,0.78,0,CLOSED,LOSS,2,4207.0,6,,2026-10-01,,,,#GC-1001-NM,2026-10-01T09:33:17.418528+00:00,CON.F.US.GCE.Z26,London,2.04,lab (not sent),LOSS,-0.387,-0.387,-16.1,0.274,0.646,37307,2026-10-01T19:55:04.431861+00:00,lab,conviction
4f5ddaa0e8,2026-10-01T10:06:28.096306+00:00,GC,4h,VWAP_REJECT_BEAR,SHORT,4190.9,4229.284,4106.0,2.21,swing_level_sweet,-10,14,REJECT,,,42.29,32.4201,29.12,LH_LL,10,0.78,0,CLOSED,LOSS,2,4207.0,14,,2026-10-01,,,,#GC-1001-UB,2026-10-01T10:06:28.096306+00:00,CON.F.US.GCE.Z26,London,2.21,lab (not sent),LOSS,-0.419,-0.419,-16.1,0.297,0.701,35316,2026-10-01T19:55:04.514031+00:00,lab,setup_off
d9b405bf65,2026-10-01T10:06:28.104677+00:00,GC,4h,EMA21_PULLBACK_BEAR,SHORT,4190.9,4232.526,4106.0,2.04,swing_level_sweet,-10,6,REJECT,,,42.29,32.4201,29.12,LH_LL,10,0.78,0,CLOSED,LOSS,2,4207.0,6,,2026-10-01,,,,#GC-1001-R3,2026-10-01T10:06:28.104677+00:00,CON.F.US.GCE.Z26,London,2.04,lab (not sent),LOSS,-0.387,-0.387,-16.1,0.274,0.646,35316,2026-10-01T19:55:04.611605+00:00,lab,conviction
ccdfe5eaad,2026-10-01T10:35:37.623632+00:00,NQ,15m,EMA21_PULLBACK_BULL,LONG,30891.5,30815.8386,31151.5,3.44,swing_level,-2,10,REJECT,,,50.16,56.3713,25.22,HH_HL,10,0.31,0,CLOSED,LOSS,3,30815.8386,10,,2026-10-01,,,,#NQ-1001-GF,2026-10-01T10:35:37.623632+00:00,CON.F.US.ENQ.Z26,London,3.44,lab (not sent),LOSS,-1.0,-1.0,-75.6614,0.77,1.014,3205,2026-10-01T11:29:02.625067+00:00,lab,conviction
8a20391c38,2026-10-01T10:35:37.874458+00:00,GC,4h,EMA21_PULLBACK_BEAR,SHORT,4200.8,4231.5792,4143.1,1.87,swing_level,-10,6,REJECT,,,45.19,31.5972,27.53,LH_LL,10,0.1,0,CLOSED,LOSS,2,4207.0,6,,2026-10-01,,,,#GC-1001-YB,2026-10-01T10:35:37.874458+00:00,CON.F.US.GCE.Z26,London,1.87,lab (not sent),LOSS,-0.201,-0.201,-6.2,0.692,0.552,33566,2026-10-01T19:55:04.702847+00:00,lab,rr_too_low
93eee3b108,2026-10-01T10:50:42.616320+00:00,NQ,15m,VWAP_BOUNCE_BULL,LONG,30925.75,30864.8119,30999.5,1.21,swing_level,-2,55,MEDIUM,,,54.08,55.9405,23.19,HH_HL,10,0.31,0,CLOSED,LOSS,1,30864.8119,55,,2026-10-01,,,,#NQ-1001-KP,2026-10-01T10:50:42.616320+00:00,CON.F.US.ENQ.Z26,London,1.21,lab (not sent),LOSS,-1.0,-1.0,-60.9381,0.258,1.358,1694,2026-10-01T11:18:57.551338+00:00,lab,rr_too_low
def610d990,2026-10-01T10:50:42.647029+00:00,NQ,15m,MACD_CROSS_BULL,LONG,30925.75,30859.2179,31151.5,3.39,swing_level,-2,55,MEDIUM,,scalp (15-90 min) - flat by 4PM ET,54.08,55.9405,23.19,HH_HL,10,0.31,0,CLOSED,LOSS,1,30859.2179,55,,2026-10-01,0,0,,#NQ-1001-5K,2026-10-01T10:50:42.647029+00:00,CON.F.US.ENQ.Z26,London,3.39,control,LOSS,-1.0,-1.0,-66.5321,0.237,1.244,1695,2026-10-01T11:18:58.091502+00:00,real,
591a09cce5,2026-10-01T10:55:49.562831+00:00,NQ,15m,EMA21_PULLBACK_BULL,LONG,30939.75,30859.0304,31151.5,2.62,swing_level_sweet,-2,10,REJECT,,,55.61,56.5655,23.03,HH_HL,10,0.56,0,CLOSED,LOSS,1,30859.0304,10,,2026-10-01,,,,#NQ-1001-ZT,2026-10-01T10:55:49.562831+00:00,CON.F.US.ENQ.Z26,London,2.62,lab (not sent),LOSS,-1.0,-1.0,-80.7196,0.022,1.199,1388,2026-10-01T11:18:58.561512+00:00,lab,open_call:conviction
0c393a41e9,2026-10-01T10:55:49.605211+00:00,NQ,1h,VWAP_BOUNCE_BULL,LONG,30941.75,30814.8087,31070.5,1.01,swing_level,-2,55,MEDIUM,,,57.88,110.9564,12.61,HH_HL,10,0.44,0,CLOSED,LOSS,0,30814.8087,55,,2026-10-01,,,,#NQ-1001-6A,2026-10-01T10:55:49.605211+00:00,CON.F.US.ENQ.Z26,London,1.01,lab (not sent),LOSS,-1.0,-1.0,-126.9413,0.0,1.0,1993,2026-10-01T11:29:03.154727+00:00,lab,open_call:rr_too_low
8c17efb81c,2026-10-01T11:08:54.954375+00:00,GC,4h,EMA21_PULLBACK_BEAR,SHORT,4200.8,4231.5792,4143.1,1.87,swing_level,-10,6,REJECT,,,45.19,31.5972,27.53,LH_LL,11,0.1,0,CLOSED,LOSS,2,4207.0,6,,2026-10-01,,,,#GC-1001-W2,2026-10-01T11:08:54.954375+00:00,CON.F.US.GCE.Z26,London,1.87,lab (not sent),LOSS,-0.201,-0.201,-6.2,0.692,0.552,31569,2026-10-01T19:55:04.773689+00:00,lab,rr_too_low
366b2d4d39,2026-10-01T11:39:06.447066+00:00,GC,4h,EMA21_PULLBACK_BEAR,SHORT,4205.7,4231.7442,4143.1,2.4,swing_level_sweet,-10,6,REJECT,,,46.28,32.1472,27.53,LH_LL,11,0.31,0,CLOSED,LOSS,2,4207.0,6,,2026-10-01,,,,#GC-1001-C4,2026-10-01T11:39:06.447066+00:00,CON.F.US.GCE.Z26,London,2.4,lab (not sent),LOSS,-0.05,-0.05,-1.3,1.006,0.465,29758,2026-10-01T19:55:04.846682+00:00,lab,conviction
77d2e5c907,2026-10-01T11:44:08.237181+00:00,NQ,15m,EMA50_RECLAIM,LONG,30878.5,30848.7629,30951.5,2.45,swing_level_sweet,-2,13,REJECT,,,48.8,57.3532,22.62,HH_HL,11,0.67,0,CLOSED,LOSS,2,30848.7629,13,,2026-10-01,,,,#NQ-1001-AW,2026-10-01T11:44:08.237181+00:00,CON.F.US.ENQ.Z26,London,2.45,lab (not sent),LOSS,-1.0,-1.0,-29.7371,1.017,1.328,2109,2026-10-01T12:19:17.926372+00:00,lab,conviction
e88cbe7d61,2026-10-01T11:49:09.082606+00:00,NQ,15m,EMA21_PULLBACK_BULL,LONG,30902.75,30816.7105,31151.5,2.89,swing_level_sweet,-2,10,REJECT,,,51.53,55.1315,22.07,HH_HL,11,0.18,0,CLOSED,LOSS,4,30816.7105,10,,2026-10-01,,,,#NQ-1001-S5,2026-10-01T11:49:09.082606+00:00,CON.F.US.ENQ.Z26,London,2.89,lab (not sent),LOSS,-1.0,-1.0,-86.0395,0.0,1.02,4076,2026-10-01T12:57:05.898002+00:00,lab,conviction
035b942c4a,2026-10-01T11:49:09.095692+00:00,NQ,15m,MACD_CROSS_BULL,LONG,30902.75,30816.7105,31151.5,2.89,swing_level_sweet,-2,55,MEDIUM,,scalp (15-90 min) - flat by 4PM ET,51.53,55.1315,22.07,HH_HL,11,0.18,0,CLOSED,LOSS,4,30816.7105,55,,2026-10-01,0,0,,#NQ-1001-RX,2026-10-01T11:49:09.095692+00:00,CON.F.US.ENQ.Z26,London,2.89,control,LOSS,-1.0,-1.0,-86.0395,0.0,1.02,4077,2026-10-01T12:57:06.354052+00:00,real,
2129f671e4,2026-10-01T11:54:11.380651+00:00,NQ,15m,EMA21_PULLBACK_BULL,LONG,30890.0,30816.5927,30999.5,1.49,swing_level,-2,10,REJECT,,,50.13,55.5244,21.96,HH_HL,11,0.39,0,CLOSED,LOSS,4,30816.5927,10,,2026-10-01,,,,#NQ-1001-R4,2026-10-01T11:54:11.380651+00:00,CON.F.US.ENQ.Z26,London,1.49,lab (not sent),LOSS,-1.0,-1.0,-73.4073,0.0,1.022,3775,2026-10-01T12:57:06.824872+00:00,lab,open_call:rr_too_low
fcd3b43e16,2026-10-01T12:09:15.535630+00:00,GC,4h,EMA21_PULLBACK_BEAR,SHORT,4205.7,4231.7442,4143.1,2.4,swing_level_sweet,-10,6,REJECT,,,46.28,32.1472,27.53,LH_LL,12,0.31,0,CLOSED,LOSS,1,4207.0,6,,2026-10-01,,,,#GC-1001-A2,2026-10-01T12:09:15.535630+00:00,CON.F.US.GCE.Z26,NY pre,2.4,lab (not sent),LOSS,-0.05,-0.05,-1.3,1.006,0.465,27949,2026-10-01T19:55:04.919329+00:00,lab,conviction
e1069d421b,2026-10-01T13:02:08.328670+00:00,GC,4h,EMA21_PULLBACK_BEAR,SHORT,4209.2,4231.9434,4143.1,2.91,swing_level_sweet,-10,6,REJECT,,,47.04,32.8115,27.53,LH_LL,13,0.67,0,CLOSED,WIN,1,4207.0,6,,2026-10-01,,,,#GC-1001-8F,2026-10-01T13:02:08.328670+00:00,CON.F.US.GCE.Z26,NY pre,2.91,lab (not sent),WIN,0.097,0.097,2.2,1.306,0.369,24776,2026-10-01T19:55:04.994079+00:00,lab,conviction
ff65bab0ef,2026-10-01T13:07:09.209388+00:00,BTC,15m,MACD_CROSS_BEAR,SHORT,83553.94,83973.1016,82510.37,2.49,swing_level_sweet,7,35,REJECT,,,41.35,208.1718,19.64,MIXED,13,0.57,0,CLOSED,LOSS,2,83973.1016,35,,2026-10-01,,,,#BTC-1001-GF,2026-10-01T13:07:09.209388+00:00,BTC/USD,NY pre,2.49,lab (not sent),LOSS,-1.0,-1.0,-419.1616,0.376,1.095,2426,2026-10-01T13:47:35.926829+00:00,lab,rr_too_low
d2228723b8,2026-10-01T13:32:19.561522+00:00,GC,4h,EMA21_PULLBACK_BEAR,SHORT,4209.2,4231.9434,4143.1,2.91,swing_level_sweet,-10,6,REJECT,,,47.04,32.8115,27.53,LH_LL,13,0.67,1,CLOSED,WIN,1,4207.0,6,,2026-10-01,,,,#GC-1001-EM,2026-10-01T13:32:19.561522+00:00,CON.F.US.GCE.Z26,NY open,2.91,lab (not sent),WIN,0.097,0.097,2.2,1.306,0.369,22965,2026-10-01T19:55:05.070653+00:00,lab,conviction
d92dca6703,2026-10-01T13:35:22.449202+00:00,NQ,15m,STOCH_REVERSAL_BULL,LONG,30800.5,30767.5998,30894.75,2.86,swing_level_sweet,3,40,REJECT,,,40.72,56.0006,24.4,HH_HL,13,6.45,1,CLOSED,LOSS,0,30767.5998,40,,2026-10-01,,,,#NQ-1001-S8,2026-10-01T13:35:22.449202+00:00,CON.F.US.ENQ.Z26,NY open,2.86,lab (not sent),LOSS,-1.0,-1.0,-32.9002,0.0,1.603,550,2026-10-01T13:44:33.407372+00:00,lab,conviction
6594115ef2,2026-10-01T13:38:27.069305+00:00,BTC,15m,VWAP_BOUNCE_BULL,LONG,83802.46,83350.557,84330.62,1.17,swing_level,8,19,REJECT,,,51.7,228.4151,19.02,MIXED,13,2.4,1,CLOSED,WIN,6,84330.62,19,,2026-10-01,,,,#BTC-1001-HV,2026-10-01T13:38:27.069305+00:00,BTC/USD,NY open,1.17,lab (not sent),WIN,1.17,1.169,528.16,1.19,0.633,6168,2026-10-01T15:21:15.909459+00:00,lab,rr_too_low
c4c61d1892,2026-10-01T13:41:30.735798+00:00,BTC,15m,VWAP_BOUNCE_BULL,LONG,83876.82,83349.7561,85613.72,3.3,swing_level,8,19,REJECT,,,53.78,232.4194,18.97,MIXED,13,4.1,1,CLOSED,WIN,58,85613.72,19,,2026-10-01,,,,#BTC-1001-5J,2026-10-01T13:41:30.735798+00:00,BTC/USD,NY open,3.3,lab (not sent),WIN,3.3,3.295,1736.9,5.168,0.684,53065,2026-10-02T04:25:55.771690+00:00,lab,conviction
f5b5577ef0,2026-10-01T13:47:35.961186+00:00,BTC,15m,EMA21_PULLBACK_BULL,LONG,83896.39,83350.1597,85613.72,3.14,swing_level,8,26,REJECT,,,54.18,228.1009,18.02,MIXED,13,0.69,0,CLOSED,WIN,58,85613.72,26,,2026-10-01,,,,#BTC-1001-G7,2026-10-01T13:47:35.961186+00:00,BTC/USD,NY open,3.14,lab (not sent),WIN,3.14,3.144,1717.33,4.95,0.696,52699,2026-10-02T04:25:55.866471+00:00,lab,conviction
f9f301e37b,2026-10-01T13:56:40.699708+00:00,BTC,15m,EMA21_PULLBACK_BULL,LONG,83793.52,83345.6602,84330.62,1.2,swing_level,8,26,REJECT,,,51.0,243.0995,18.02,MIXED,13,1.99,0,CLOSED,WIN,5,84330.62,26,,2026-10-01,,,,#BTC-1001-MF,2026-10-01T13:56:40.699708+00:00,BTC/USD,NY open,1.2,lab (not sent),WIN,1.2,1.199,537.1,1.22,0.619,5075,2026-10-01T15:21:15.951404+00:00,lab,rr_too_low
68dc9f6aaf,2026-10-01T14:02:13.330873+00:00,GC,4h,VWAP_REJECT_BEAR,SHORT,4186.3,4224.065,4106.0,2.13,swing_level_sweet,-10,14,REJECT,,,42.15,31.325,26.05,LH_LL,14,0.06,0,CLOSED,LOSS,1,4207.0,14,,2026-10-01,,,,#GC-1001-MH,2026-10-01T14:02:13.330873+00:00,CON.F.US.GCE.Z26,NY open,2.13,lab (not sent),LOSS,-0.548,-0.548,-20.7,0.18,0.829,21171,2026-10-01T19:55:05.145781+00:00,lab,setup_off
5a7d1d89a3,2026-10-01T14:02:43.836925+00:00,GC,4h,EMA21_PULLBACK_BEAR,SHORT,4186.3,4227.1975,4092.0,2.31,swing_level_sweet,-10,6,REJECT,,,42.15,31.325,26.05,LH_LL,14,0.06,0,CLOSED,LOSS,1,4207.0,6,,2026-10-01,,,,#GC-1001-TW,2026-10-01T14:02:43.836925+00:00,CON.F.US.GCE.Z26,NY open,2.31,lab (not sent),LOSS,-0.506,-0.506,-20.7,0.166,0.765,21141,2026-10-01T19:55:05.221990+00:00,lab,conviction
7aeb324d8b,2026-10-01T14:08:46.722514+00:00,NQ,15m,OPENING_RANGE_BREAKOUT,SHORT,30688.75,30869.3299,30504.5,1.02,swing_level,0,63,HIGH,,,30.2,66.6497,28.27,HH_HL,14,3.67,0,CLOSED,LOSS,14,30869.3299,63,,2026-10-01,,,,#NQ-1001-RW,2026-10-01T14:08:46.722514+00:00,CON.F.US.ENQ.Z26,NY open,1.02,lab (not sent),LOSS,-1.0,-1.0,-180.5799,0.883,1.078,13208,2026-10-01T17:48:55.262324+00:00,lab,rr_too_low
be947f28d1,2026-10-01T14:17:51.457644+00:00,BTC,15m,VWAP_BOUNCE_BULL,LONG,83997.75,83464.0965,85613.72,3.03,swing_level,8,19,REJECT,,,56.53,260.9674,15.85,MIXED,14,0.25,0,CLOSED,WIN,56,85613.72,19,,2026-10-01,,,,#BTC-1001-WF,2026-10-01T14:17:51.457644+00:00,BTC/USD,NY open,3.03,lab (not sent),WIN,3.03,3.028,1615.97,4.877,0.472,50884,2026-10-02T04:25:55.960379+00:00,lab,conviction
6fd99e6065,2026-10-01T14:26:56.389495+00:00,NQ,15m,HTF_LEVEL_BOUNCE,LONG,30637.25,30608.6087,30705.5,2.38,swing_level_sweet,0,45,REJECT,,scalp (15-90 min) - flat by 4PM ET,26.75,69.7283,30.61,HH_HL,14,2.5,0,CLOSED,LOSS,0,30608.6087,45,,2026-10-01,0,0,,#NQ-1001-VU,2026-10-01T14:26:56.389495+00:00,CON.F.US.ENQ.Z26,NY open,2.38,control (LAB),LOSS,-1.0,-1.0,-28.6413,0.0,1.1,186,2026-10-01T14:30:03.138517+00:00,lab,
060b14468a,2026-10-01T14:30:03.747387+00:00,BTC,15m,VWAP_BOUNCE_BULL,LONG,84088.48,83461.2428,85613.72,2.43,swing_level_sweet,10,19,REJECT,,,58.68,275.236,16.34,MIXED,14,2.43,0,CLOSED,WIN,55,85613.72,19,,2026-10-01,,,,#BTC-1001-JJ,2026-10-01T14:30:03.747387+00:00,BTC/USD,NY open,2.43,lab (not sent),WIN,2.43,2.432,1525.24,4.005,0.546,50152,2026-10-02T04:25:56.054309+00:00,lab,rr_too_low
27811e7acd,2026-10-01T14:30:03.755549+00:00,BTC,15m,MACD_CROSS_BULL,LONG,84088.48,83433.7192,85613.72,2.33,swing_level_sweet,10,32,REJECT,,,58.68,275.236,16.34,MIXED,14,2.43,0,CLOSED,WIN,55,85613.72,32,,2026-10-01,,,,#BTC-1001-PX,2026-10-01T14:30:03.755549+00:00,BTC/USD,NY open,2.33,lab (not sent),WIN,2.33,2.329,1525.24,3.836,0.523,50152,2026-10-02T04:25:56.144971+00:00,lab,rr_too_low
8097ac6333,2026-10-01T14:33:04.850621+00:00,NQ,15m,BB_REVERSION_BULL,LONG,30644.5,30540.2864,30894.75,2.4,swing_level_sweet,0,26,REJECT,,,29.87,68.212,32.79,HH_HL,14,0.64,0,CLOSED,LOSS,2,30540.2864,26,,2026-10-01,,,,#NQ-1001-82,2026-10-01T14:33:04.850621+00:00,CON.F.US.ENQ.Z26,NY open,2.4,lab (not sent),LOSS,-1.0,-1.0,-104.2136,0.655,1.106,2408,2026-10-01T15:13:13.559832+00:00,lab,conviction
277494ae67,2026-10-01T14:33:04.859025+00:00,NQ,15m,STOCH_REVERSAL_BULL,LONG,30644.5,30533.4652,30894.75,2.25,swing_level_sweet,0,40,REJECT,,,29.87,68.212,32.79,HH_HL,14,0.64,0,CLOSED,LOSS,2,30533.4652,40,,2026-10-01,,,,#NQ-1001-FY,2026-10-01T14:33:04.859025+00:00,CON.F.US.ENQ.Z26,NY open,2.25,lab (not sent),LOSS,-1.0,-1.0,-111.0348,0.615,1.038,2408,2026-10-01T15:13:13.595255+00:00,lab,conviction
921065f434,2026-10-01T14:33:04.965946+00:00,GC,4h,VWAP_REJECT_BEAR,SHORT,4186.3,4224.065,4106.0,2.13,swing_level_sweet,-10,14,REJECT,,,42.15,31.325,26.05,LH_LL,14,0.06,0,CLOSED,LOSS,1,4207.0,14,,2026-10-01,,,,#GC-1001-2J,2026-10-01T14:33:04.965946+00:00,CON.F.US.GCE.Z26,NY open,2.13,lab (not sent),LOSS,-0.548,-0.548,-20.7,0.18,0.829,19320,2026-10-01T19:55:05.294514+00:00,lab,setup_off
bf4dc87cc1,2026-10-01T14:33:04.974265+00:00,GC,4h,EMA21_PULLBACK_BEAR,SHORT,4186.3,4227.1975,4092.0,2.31,swing_level_sweet,-10,6,REJECT,,,42.15,31.325,26.05,LH_LL,14,0.06,0,CLOSED,LOSS,1,4207.0,6,,2026-10-01,,,,#GC-1001-JT,2026-10-01T14:33:04.974265+00:00,CON.F.US.GCE.Z26,NY open,2.31,lab (not sent),LOSS,-0.506,-0.506,-20.7,0.166,0.765,19320,2026-10-01T19:55:05.369406+00:00,lab,conviction
9269eb0ade,2026-10-01T14:49:08.474950+00:00,BTC,1h,VWAP_BOUNCE_BULL,LONG,84205.9,83298.5156,86734.0,2.79,swing_level_sweet,10,19,REJECT,,,56.95,488.622,10.86,MIXED,14,1.59,0,CLOSED,WIN,13,86734.0,19,,2026-10-01,,,,#BTC-1001-A8,2026-10-01T14:49:08.474950+00:00,BTC/USD,NY open,2.79,lab (not sent),WIN,2.79,2.786,2528.1,2.802,0.47,49189,2026-10-02T04:28:58.465921+00:00,lab,conviction
f2d9885168,2026-10-01T15:07:11.393213+00:00,GC,4h,VWAP_REJECT_BEAR,SHORT,4184.3,4224.2364,4092.0,2.31,swing_level_sweet,-10,14,REJECT,,,41.79,32.1821,26.05,LH_LL,15,0.59,0,CLOSED,LOSS,1,4207.0,14,,2026-10-01,,,,#GC-1001-JJ,2026-10-01T15:07:11.393213+00:00,CON.F.US.GCE.Z26,NY mid,2.31,lab (not sent),LOSS,-0.568,-0.568,-22.7,0.0,0.834,17274,2026-10-01T19:55:05.444418+00:00,lab,setup_off
f79f0aa492,2026-10-01T15:07:11.403564+00:00,GC,4h,EMA21_PULLBACK_BEAR,SHORT,4184.3,4227.4546,4092.0,2.14,swing_level_sweet,-10,6,REJECT,,,41.79,32.1821,26.05,LH_LL,15,0.59,0,CLOSED,LOSS,1,4207.0,6,,2026-10-01,,,,#GC-1001-8W,2026-10-01T15:07:11.403564+00:00,CON.F.US.GCE.Z26,NY mid,2.14,lab (not sent),LOSS,-0.526,-0.526,-22.7,0.0,0.772,17274,2026-10-01T19:55:05.520327+00:00,lab,conviction
fb58dbc32e,2026-10-01T15:16:15.182610+00:00,NQ,15m,BB_REVERSION_BULL,LONG,30624.0,30506.8667,30894.75,2.31,swing_level_sweet,0,26,REJECT,,,31.47,74.6111,35.0,HH_HL,15,0.14,0,CLOSED,WIN,18,30828.0,26,,2026-10-01,,,,#NQ-1001-M2,2026-10-01T15:16:15.182610+00:00,CON.F.US.ENQ.Z26,NY mid,2.31,lab (not sent),WIN,1.742,1.742,204.0,2.215,0.687,16730,2026-10-01T19:55:05.598457+00:00,lab,conviction
58ee5a64cc,2026-10-01T15:16:15.189472+00:00,NQ,15m,STOCH_REVERSAL_BULL,LONG,30624.0,30499.4056,30894.75,2.17,swing_level_sweet,0,40,REJECT,,,31.47,74.6111,35.0,HH_HL,15,0.14,0,CLOSED,WIN,18,30828.0,40,,2026-10-01,,,,#NQ-1001-JP,2026-10-01T15:16:15.189472+00:00,CON.F.US.ENQ.Z26,NY mid,2.17,lab (not sent),WIN,1.637,1.637,204.0,2.083,0.646,16730,2026-10-01T19:55:05.667691+00:00,lab,conviction
42f9687ad8,2026-10-01T15:21:16.021460+00:00,BTC,15m,VWAP_BOUNCE_BULL,LONG,84201.19,83719.823,85613.72,2.93,swing_level_sweet,10,19,REJECT,,,61.08,297.1851,15.33,MIXED,15,0.9,0,CLOSED,WIN,52,85613.72,19,,2026-10-01,,,,#BTC-1001-XG,2026-10-01T15:21:16.021460+00:00,BTC/USD,NY mid,2.93,lab (not sent),WIN,2.93,2.934,1412.53,4.984,0.862,47080,2026-10-02T04:25:56.235927+00:00,lab,conviction
18f9766233,2026-10-01T15:29:17.672404+00:00,NQ,15m,HTF_LEVEL_BOUNCE,LONG,30639.0,30605.2056,30707.25,2.02,swing_level_sweet,0,45,REJECT,,scalp (15-90 min) - flat by 4PM ET,33.73,78.2361,34.11,HH_HL,15,1.32,0,CLOSED,LOSS,0,30605.2056,45,,2026-10-01,0,0,,#NQ-1001-EF,2026-10-01T15:29:17.672404+00:00,CON.F.US.ENQ.Z26,NY mid,2.02,control (LAB),LOSS,-1.0,-1.0,-33.7944,0.0,1.295,241,2026-10-01T15:33:18.990551+00:00,lab,
2fdefca4a5,2026-10-01T15:38:20.074203+00:00,GC,4h,VWAP_REJECT_BEAR,SHORT,4184.3,4224.2364,4092.0,2.31,swing_level_sweet,-10,14,REJECT,,,41.79,32.1821,26.05,LH_LL,15,0.59,0,CLOSED,LOSS,1,4207.0,14,,2026-10-01,,,,#GC-1001-2U,2026-10-01T15:38:20.074203+00:00,CON.F.US.GCE.Z26,NY mid,2.31,lab (not sent),LOSS,-0.568,-0.568,-22.7,0.0,0.834,15405,2026-10-01T19:55:05.738697+00:00,lab,setup_off
b127ce5d13,2026-10-01T15:38:20.080132+00:00,GC,4h,EMA21_PULLBACK_BEAR,SHORT,4184.3,4227.4546,4092.0,2.14,swing_level_sweet,-10,6,REJECT,,,41.79,32.1821,26.05,LH_LL,15,0.59,0,CLOSED,LOSS,1,4207.0,6,,2026-10-01,,,,#GC-1001-A6,2026-10-01T15:38:20.080132+00:00,CON.F.US.GCE.Z26,NY mid,2.14,lab (not sent),LOSS,-0.526,-0.526,-22.7,0.0,0.772,15405,2026-10-01T19:55:05.818995+00:00,lab,conviction
bb1d9fb948,2026-10-01T15:52:22.289911+00:00,BTC,1h,VWAP_BOUNCE_BULL,LONG,83886.38,83293.8495,85613.72,2.92,swing_level_sweet,10,19,REJECT,,,51.83,493.7754,10.45,MIXED,15,1.96,0,CLOSED,WIN,12,85613.72,19,,2026-10-01,,,,#BTC-1001-NQ,2026-10-01T15:52:22.289911+00:00,BTC/USD,NY mid,2.92,lab (not sent),WIN,2.92,2.915,1727.34,4.58,0.0,45214,2026-10-02T04:25:56.342602+00:00,lab,conviction
752e653b01,2026-10-01T16:10:25.424376+00:00,GC,4h,EMA21_PULLBACK_BEAR,SHORT,4205.0,4227.5211,4143.1,2.75,swing_level_sweet,-10,6,REJECT,,,46.3,32.4035,26.07,LH_LL,16,1.11,0,CLOSED,LOSS,0,4207.0,6,,2026-10-01,,,,#GC-1001-JW,2026-10-01T16:10:25.424376+00:00,CON.F.US.GCE.Z26,NY mid,2.75,lab (not sent),LOSS,-0.089,-0.089,-2.0,0.688,0.559,13480,2026-10-01T19:55:05.895235+00:00,lab,conviction
d5e2507f43,2026-10-01T16:25:27.561445+00:00,BTC,1h,VWAP_BOUNCE_BULL,LONG,84361.4,83682.7866,86384.73,2.98,swing_level_sweet,10,19,REJECT,,,59.48,482.3672,10.32,MIXED,16,0.55,0,CLOSED,WIN,12,86384.73,19,,2026-10-01,,,,#BTC-1001-YH,2026-10-01T16:25:27.561445+00:00,BTC/USD,NY mid,2.98,lab (not sent),WIN,2.98,2.982,2023.33,3.299,0.492,43228,2026-10-02T04:25:56.441915+00:00,lab,conviction
a386b2a753,2026-10-01T16:40:29.654905+00:00,GC,4h,EMA21_PULLBACK_BEAR,SHORT,4205.0,4227.5211,4143.1,2.75,swing_level_sweet,-10,6,REJECT,,,46.3,32.4035,26.07,LH_LL,16,1.11,0,CLOSED,LOSS,0,4207.0,6,,2026-10-01,,,,#GC-1001-ER,2026-10-01T16:40:29.654905+00:00,CON.F.US.GCE.Z26,NY mid,2.75,lab (not sent),LOSS,-0.089,-0.089,-2.0,0.688,0.559,11676,2026-10-01T19:55:05.963652+00:00,lab,conviction
99d6373795,2026-10-01T16:48:31.400090+00:00,NQ,15m,RSI_DIV_BULL,LONG,30659.5,30514.5017,30949.75,2.0,swing_level_sweet,0,11,REJECT,,,42.57,72.4957,36.26,HH_HL,16,0.09,0,CLOSED,WIN,12,30828.0,11,,2026-10-01,,,,#NQ-1001-A2,2026-10-01T16:48:31.400090+00:00,CON.F.US.ENQ.Z26,NY mid,2.0,lab (not sent),WIN,1.162,1.162,168.5,1.545,0.486,11194,2026-10-01T19:55:06.036910+00:00,lab,conviction
6f4c316fa9,2026-10-01T16:48:31.413073+00:00,NQ,15m,MACD_CROSS_BULL,LONG,30659.5,30585.0013,30814.5,2.08,swing_level_sweet,0,55,MEDIUM,,scalp (15-90 min) - flat by 4PM ET,42.57,72.4957,36.26,HH_HL,16,0.09,0,CLOSED,LOSS,0,30585.0013,55,,2026-10-01,0,0,,#NQ-1001-64,2026-10-01T16:48:31.413073+00:00,CON.F.US.ENQ.Z26,NY mid,2.08,control,LOSS,-1.0,-1.0,-74.4987,0.0,1.074,601,2026-10-01T16:58:33.266541+00:00,real,
df72831f97,2026-10-01T16:53:32.605815+00:00,NQ,15m,RSI_DIV_BULL,LONG,30606.75,30513.6017,30814.5,2.23,swing_level_sweet,0,11,REJECT,,,36.91,74.7457,36.3,HH_HL,16,0.29,0,CLOSED,WIN,2,30814.5,11,,2026-10-01,,,,#NQ-1001-58,2026-10-01T16:53:32.605815+00:00,CON.F.US.ENQ.Z26,NY mid,2.23,lab (not sent),WIN,2.23,2.23,207.75,2.789,0.191,2295,2026-10-01T17:31:47.743366+00:00,lab,open_call:conviction
3d16715296,2026-10-01T16:58:33.990726+00:00,BTC,1h,VWAP_BOUNCE_BULL,LONG,84328.18,83681.0777,86384.73,3.18,swing_level,10,19,REJECT,,,59.01,490.9114,10.61,MIXED,16,1.7,0,CLOSED,WIN,11,86384.73,19,,2026-10-01,,,,#BTC-1001-NT,2026-10-01T16:58:33.990726+00:00,BTC/USD,NY mid,3.18,lab (not sent),WIN,3.18,3.178,2056.55,3.511,0.265,41242,2026-10-02T04:25:56.553430+00:00,lab,conviction
c9a37496df,2026-10-01T17:02:42.644901+00:00,NQ,15m,STOCH_REVERSAL_BULL,LONG,30627.25,30525.5837,30834.25,2.04,swing_level_sweet,0,40,REJECT,,,40.45,75.4157,37.05,HH_HL,17,0.14,0,CLOSED,WIN,1,30834.25,40,,2026-10-01,,,,#NQ-1001-UR,2026-10-01T17:02:42.644901+00:00,CON.F.US.ENQ.Z26,NY mid,2.04,lab (not sent),WIN,2.04,2.036,207.0,2.353,0.0,1745,2026-10-01T17:31:47.789801+00:00,lab,conviction
aa9ce47a48,2026-10-01T17:12:44.426317+00:00,GC,4h,EMA21_PULLBACK_BEAR,SHORT,4202.7,4227.5211,4143.1,2.4,swing_level_sweet,-10,6,REJECT,,,45.75,32.4035,26.07,LH_LL,17,1.33,0,CLOSED,LOSS,0,4207.0,6,,2026-10-01,,,,#GC-1001-E9,2026-10-01T17:12:44.426317+00:00,CON.F.US.GCE.Z26,NY mid,2.4,lab (not sent),LOSS,-0.173,-0.173,-4.3,0.355,0.6,9741,2026-10-01T19:55:06.105340+00:00,lab,conviction
703d9610e5,2026-10-01T17:22:45.914134+00:00,NQ,15m,VWAP_BOUNCE_BULL,LONG,30744.0,30573.043,31151.5,2.38,swing_level_sweet,0,55,MEDIUM,,scalp (15-90 min) - flat by 4PM ET,53.06,79.7852,35.08,HH_HL,17,0.4,0,CLOSED,WIN,10,30828.0,55,,2026-10-01,0,0,,#NQ-1001-9E,2026-10-01T17:22:45.914134+00:00,CON.F.US.ENQ.Z26,NY mid,2.38,control,WIN,0.491,0.491,84.0,0.816,0.228,9140,2026-10-01T19:55:06.167807+00:00,real,
4332172695,2026-10-01T17:27:46.994960+00:00,NQ,15m,VWAP_BOUNCE_BULL,LONG,30794.5,30572.1894,31151.5,1.61,swing_level,0,55,MEDIUM,,,57.08,84.0531,34.15,HH_HL,17,0.88,0,CLOSED,WIN,9,30828.0,55,,2026-10-01,,,,#NQ-1001-9U,2026-10-01T17:27:46.994960+00:00,CON.F.US.ENQ.Z26,NY mid,1.61,lab (not sent),WIN,0.151,0.151,33.5,0.4,0.403,8839,2026-10-01T19:55:06.636133+00:00,lab,open_call:rr_too_low
617f1c47a1,2026-10-01T17:42:51.381290+00:00,GC,4h,EMA21_PULLBACK_BEAR,SHORT,4202.7,4227.5211,4143.1,2.4,swing_level_sweet,-10,6,REJECT,,,45.75,32.4035,26.07,LH_LL,17,1.33,0,CLOSED,LOSS,0,4207.0,6,,2026-10-01,,,,#GC-1001-NP,2026-10-01T17:42:51.381290+00:00,CON.F.US.GCE.Z26,NY mid,2.4,lab (not sent),LOSS,-0.173,-0.173,-4.3,0.355,0.427,7935,2026-10-01T19:55:06.710549+00:00,lab,conviction
c49c511fa3,2026-10-01T18:04:05.256244+00:00,NQ,1h,VWAP_BOUNCE_BULL,LONG,30768.25,30563.6167,30999.5,1.13,swing_level,1,55,MEDIUM,,,49.21,126.9164,16.0,HH_HL,18,0.23,1,CLOSED,WIN,1,30828.0,55,,2026-10-01,,,,#NQ-1001-SK,2026-10-01T18:04:05.256244+00:00,CON.F.US.ENQ.Z26,NY close,1.13,lab (not sent),WIN,0.292,0.292,59.75,0.431,0.173,6661,2026-10-01T19:55:06.782683+00:00,lab,open_call:rr_too_low
bbddd8a5b1,2026-10-01T18:04:05.390668+00:00,BTC,15m,BB_REVERSION_BEAR,SHORT,84680.45,85150.2105,83445.0,2.63,swing_level_sweet,10,13,REJECT,,,61.55,308.2684,21.61,MIXED,18,0.42,1,CLOSED,LOSS,2,85150.2105,13,,2026-10-01,,,,#BTC-1001-6Q,2026-10-01T18:04:05.390668+00:00,BTC/USD,NY close,2.63,lab (not sent),LOSS,-1.0,-1.0,-469.7605,0.0,1.2,2233,2026-10-01T18:41:19.334139+00:00,lab,conviction
761fb2f4a5,2026-10-01T18:13:11.415227+00:00,GC,4h,VWAP_BOUNCE_BULL,LONG,4203.2,4173.1691,4276.2,2.43,swing_level_sweet,-10,56,MEDIUM,,,45.91,31.6543,24.71,MIXED,18,0.09,1,CLOSED,WIN,0,4207.0,56,,2026-10-01,,,,#GC-1001-NA,2026-10-01T18:13:11.415227+00:00,CON.F.US.GCE.Z26,NY close,2.43,lab (not sent),WIN,0.127,0.127,3.8,0.336,0.077,6115,2026-10-01T19:55:06.862038+00:00,lab,conviction
0c20538c6d,2026-10-01T18:13:11.422866+00:00,GC,4h,EMA21_PULLBACK_BEAR,SHORT,4203.2,4227.0963,4143.1,2.52,swing_level_sweet,-10,6,REJECT,,,45.91,31.6543,24.71,MIXED,18,0.09,1,CLOSED,LOSS,0,4207.0,6,,2026-10-01,,,,#GC-1001-VC,2026-10-01T18:13:11.422866+00:00,CON.F.US.GCE.Z26,NY close,2.52,lab (not sent),LOSS,-0.159,-0.159,-3.8,0.096,0.423,6115,2026-10-01T19:55:06.938755+00:00,lab,conviction
f67efe295c,2026-10-01T18:19:15.420188+00:00,NQ,15m,VWAP_BOUNCE_BULL,LONG,30758.75,30688.4847,30906.0,2.1,swing_level_sweet,3,55,MEDIUM,,,52.22,82.5766,27.3,HH_HL,18,0.16,0,CLOSED,WIN,6,30828.0,55,,2026-10-01,,,,#NQ-1001-PZ,2026-10-01T18:19:15.420188+00:00,CON.F.US.ENQ.Z26,NY close,2.1,lab (not sent),WIN,0.986,0.986,69.25,1.391,0.0,5751,2026-10-01T19:55:07.018168+00:00,lab,open_call
c5cf333453,2026-10-01T18:36:18.676583+00:00,NQ,1h,VWAP_BOUNCE_BULL,LONG,30817.25,30562.306,31094.75,1.09,swing_level,4,55,MEDIUM,,,51.99,133.4699,16.0,HH_HL,18,1.4,0,CLOSED,WIN,1,30828.0,55,,2026-10-01,,,,#NQ-1001-BX,2026-10-01T18:36:18.676583+00:00,CON.F.US.ENQ.Z26,NY close,1.09,lab (not sent),WIN,0.042,0.042,10.75,0.154,0.12,4728,2026-10-01T19:55:07.094825+00:00,lab,open_call:rr_too_low
47f953bd41,2026-10-01T18:36:18.761679+00:00,GC,1h,VWAP_BOUNCE_BULL,LONG,4209.6,4187.9686,4251.1,1.92,swing_level,-10,56,MEDIUM,,,54.97,18.1569,11.01,MIXED,18,0.88,0,CLOSED,LOSS,1,4207.0,56,,2026-10-01,,,,#GC-1001-D7,2026-10-01T18:36:18.761679+00:00,CON.F.US.GCE.Z26,NY close,1.92,lab (not sent),LOSS,-0.12,-0.12,-2.6,0.055,0.245,4728,2026-10-01T19:55:07.167808+00:00,lab,rr_too_low
1d6d57774c,2026-10-01T18:43:19.665095+00:00,GC,4h,VWAP_BOUNCE_BULL,LONG,4203.2,4173.1691,4276.2,2.43,swing_level_sweet,-10,56,MEDIUM,,,45.91,31.6543,24.71,MIXED,18,0.09,0,CLOSED,WIN,0,4207.0,56,,2026-10-01,,,,#GC-1001-G3,2026-10-01T18:43:19.665095+00:00,CON.F.US.GCE.Z26,NY close,2.43,lab (not sent),WIN,0.127,0.127,3.8,0.253,0.0,4307,2026-10-01T19:55:07.243053+00:00,lab,conviction
044ee70c47,2026-10-01T18:43:19.676503+00:00,GC,4h,EMA21_PULLBACK_BEAR,SHORT,4203.2,4227.0963,4143.1,2.52,swing_level_sweet,-10,6,REJECT,,,45.91,31.6543,24.71,MIXED,18,0.09,0,CLOSED,LOSS,0,4207.0,6,,2026-10-01,,,,#GC-1001-7C,2026-10-01T18:43:19.676503+00:00,CON.F.US.GCE.Z26,NY close,2.52,lab (not sent),LOSS,-0.159,-0.159,-3.8,0.0,0.318,4307,2026-10-01T19:55:07.312398+00:00,lab,conviction
ea4868dfd9,2026-10-01T18:50:21.059053+00:00,BTC,15m,BB_REVERSION_BEAR,SHORT,84699.05,85338.528,83071.01,2.55,swing_level_sweet,10,13,REJECT,,,59.31,315.0934,25.17,MIXED,18,1.05,0,CLOSED,LOSS,32,85338.528,13,,2026-10-01,,,,#BTC-1001-8W,2026-10-01T18:50:21.059053+00:00,BTC/USD,NY close,2.55,lab (not sent),LOSS,-1.0,-1.0,-639.478,0.371,1.252,29541,2026-10-02T03:02:42.436675+00:00,lab,conviction
e2dca173fe,2026-10-01T19:10:23.971250+00:00,NQ,1h,VWAP_BOUNCE_BULL,LONG,30814.0,30679.4127,31094.75,2.09,swing_level_sweet,4,55,MEDIUM,,,51.6,127.9364,15.18,HH_HL,19,0.21,0,CLOSED,WIN,0,30828.0,55,,2026-10-01,,,,#NQ-1001-E9,2026-10-01T19:10:23.971250+00:00,CON.F.US.ENQ.Z26,NY close,2.09,lab (not sent),WIN,0.104,0.104,14.0,0.316,0.202,2683,2026-10-01T19:55:07.385219+00:00,lab,open_call
eec6fc3481,2026-10-01T19:10:24.131340+00:00,BTC,15m,EMA21_PULLBACK_BULL,LONG,84858.43,84389.4903,85613.72,1.61,swing_level,10,26,REJECT,,,63.23,308.0708,25.66,MIXED,19,0.72,0,CLOSED,WIN,37,85613.72,26,,2026-10-01,,,,#BTC-1001-V2,2026-10-01T19:10:24.131340+00:00,BTC/USD,NY close,1.61,lab (not sent),WIN,1.61,1.611,755.29,3.715,0.846,33332,2026-10-02T04:25:56.658927+00:00,lab,rr_too_low
a49bea6b2e,2026-10-01T19:15:24.948300+00:00,GC,4h,VWAP_BOUNCE_BULL,LONG,4207.4,4173.0591,4276.2,2.0,swing_level_sweet,-10,56,MEDIUM,,,46.97,32.2043,24.71,MIXED,19,0.29,0,CLOSED,LOSS,0,4207.0,56,,2026-10-01,,,,#GC-1001-UN,2026-10-01T19:15:24.948300+00:00,CON.F.US.GCE.Z26,NY close,2.0,lab (not sent),LOSS,-0.012,-0.012,-0.4,0.099,0.082,2382,2026-10-01T19:55:07.454326+00:00,lab,conviction
7938147cf9,2026-10-01T22:00:12.804856+00:00,GC,4h,VWAP_BOUNCE_BULL,LONG,4207.8,4173.0591,4298.6,2.61,swing_level_sweet,-10,56,MEDIUM,,,47.07,32.2043,24.71,MIXED,22,0.44,0,CLOSED,LOSS,0,4173.0591,56,,2026-10-02,,,,#GC-1001-75,2026-10-01T22:00:12.804856+00:00,CON.F.US.GCE.Z26,Asia,2.61,lab (not sent),LOSS,-1.0,-1.0,-34.7409,0.158,1.215,11412,2026-10-02T01:10:25.677579+00:00,lab,conviction
357af87420,2026-10-01T23:21:35.328912+00:00,GC,4h,VWAP_BOUNCE_BULL,LONG,4212.3,4187.7578,4276.2,2.6,swing_level_sweet,-8,56,MEDIUM,,,48.24,30.7111,23.46,MIXED,23,0.08,0,CLOSED,LOSS,0,4187.7578,56,,2026-10-02,,,,#GC-1001-V3,2026-10-01T23:21:35.328912+00:00,CON.F.US.GCE.Z26,Asia,2.6,lab (not sent),LOSS,-1.0,-1.0,-24.5422,0.041,1.039,5680,2026-10-02T00:56:16.318607+00:00,lab,conviction
6e844999f4,2026-10-01T23:51:37.504942+00:00,GC,4h,VWAP_BOUNCE_BULL,LONG,4212.3,4187.7578,4276.2,2.6,swing_level_sweet,-8,56,MEDIUM,,,48.24,30.7111,23.46,MIXED,23,0.08,0,CLOSED,LOSS,0,4187.7578,56,,2026-10-02,,,,#GC-1001-WP,2026-10-01T23:51:37.504942+00:00,CON.F.US.GCE.Z26,Asia,2.6,lab (not sent),LOSS,-1.0,-1.0,-24.5422,0.0,1.039,3878,2026-10-02T00:56:16.391629+00:00,lab,conviction
8ed952cec8,2026-10-02T00:25:45.730074+00:00,NQ,1h,VWAP_BOUNCE_BULL,LONG,30895.25,30774.2941,31151.5,2.12,swing_level_sweet,2,55,MEDIUM,,intraday (1-4 hours) - flat by 4PM ET,56.57,117.2793,12.47,MIXED,0,0.18,0,CLOSED,WIN,12,31151.5,55,True,2026-10-02,0,0,,#NQ-1001-JH,2026-10-02T00:25:45.730074+00:00,CON.F.US.ENQ.Z26,Asia,2.12,control,WIN,2.12,2.119,256.25,2.152,0.858,45061,2026-10-02T12:56:46.762852+00:00,real,
d843f50d45,2026-10-02T00:27:12.169963+00:00,GC,4h,VWAP_REJECT_BEAR,SHORT,4195.5,4219.5379,4143.1,2.18,swing_level_sweet,-10,14,REJECT,,,44.33,31.1897,23.46,MIXED,0,0.19,0,CLOSED,LOSS,1,4219.5379,14,,2026-10-02,,,,#GC-1001-A5,2026-10-02T00:27:12.169963+00:00,CON.F.US.GCE.Z26,Asia,2.18,lab (not sent),LOSS,-1.0,-1.0,-24.0379,1.356,1.028,14688,2026-10-02T04:32:00.831021+00:00,lab,setup_off
62d3366110,2026-10-02T00:27:12.180450+00:00,GC,4h,EMA21_PULLBACK_BEAR,SHORT,4195.5,4222.6569,4143.1,1.93,swing_level,-10,6,REJECT,,,44.33,31.1897,23.46,MIXED,0,0.19,0,CLOSED,LOSS,1,4222.6569,6,,2026-10-02,,,,#GC-1001-4V,2026-10-02T00:27:12.180450+00:00,CON.F.US.GCE.Z26,Asia,1.93,lab (not sent),LOSS,-1.0,-1.0,-27.1569,1.2,1.153,20346,2026-10-02T06:06:18.962978+00:00,lab,rr_too_low
c5ee3a717e,2026-10-02T01:06:24.868172+00:00,GC,4h,VWAP_REJECT_BEAR,SHORT,4195.5,4219.5379,4143.1,2.18,swing_level_sweet,-10,14,REJECT,,,44.33,31.1897,23.46,MIXED,1,0.19,0,CLOSED,LOSS,0,4219.5379,14,,2026-10-02,,,,#GC-1001-HH,2026-10-02T01:06:24.868172+00:00,CON.F.US.GCE.Z26,Asia,2.18,lab (not sent),LOSS,-1.0,-1.0,-24.0379,1.115,1.028,12336,2026-10-02T04:32:00.980977+00:00,lab,setup_off
cca098fcfb,2026-10-02T01:06:24.879476+00:00,GC,4h,EMA21_PULLBACK_BEAR,SHORT,4195.5,4222.6569,4143.1,1.93,swing_level,-10,6,REJECT,,,44.33,31.1897,23.46,MIXED,1,0.19,0,CLOSED,LOSS,1,4222.6569,6,,2026-10-02,,,,#GC-1001-65,2026-10-02T01:06:24.879476+00:00,CON.F.US.GCE.Z26,Asia,1.93,lab (not sent),LOSS,-1.0,-1.0,-27.1569,0.987,1.153,17994,2026-10-02T06:06:19.057999+00:00,lab,rr_too_low
3bffe2f701,2026-10-02T01:26:31.392417+00:00,GC,4h,EMA21_PULLBACK_BEAR,SHORT,4175.4,4223.3512,4074.0,2.11,swing_level_sweet,-10,6,REJECT,,,40.49,33.504,24.69,MIXED,1,0.53,0,CLOSED,LOSS,1,4223.3512,6,,2026-10-02,,,,#GC-1001-WV,2026-10-02T01:26:31.392417+00:00,CON.F.US.GCE.Z26,Asia,2.11,lab (not sent),LOSS,-1.0,-1.0,-47.9512,0.033,1.072,16787,2026-10-02T06:06:19.144696+00:00,lab,conviction
bafb6740d7,2026-10-02T01:40:32.868853+00:00,GC,4h,VWAP_REJECT_BEAR,SHORT,4175.4,4220.0008,4081.8,2.1,swing_level_sweet,-10,14,REJECT,,,40.49,33.504,24.69,MIXED,1,0.53,0,CLOSED,LOSS,0,4220.0008,14,,2026-10-02,,,,#GC-1001-UX,2026-10-02T01:40:32.868853+00:00,CON.F.US.GCE.Z26,Asia,2.1,lab (not sent),LOSS,-1.0,-1.0,-44.6008,0.036,1.004,10288,2026-10-02T04:32:01.101542+00:00,lab,setup_off
51da691f6b,2026-10-02T02:00:34.814453+00:00,GC,4h,EMA21_PULLBACK_BEAR,SHORT,4175.4,4223.3512,4074.0,2.11,swing_level_sweet,-10,6,REJECT,,,40.49,33.504,24.69,MIXED,2,0.53,0,CLOSED,LOSS,1,4223.3512,6,,2026-10-02,,,,#GC-1001-XG,2026-10-02T02:00:34.814453+00:00,CON.F.US.GCE.Z26,Asia,2.11,lab (not sent),LOSS,-1.0,-1.0,-47.9512,0.0,1.072,14744,2026-10-02T06:06:19.231906+00:00,lab,conviction
c08e04603d,2026-10-02T02:10:35.833060+00:00,GC,1h,VWAP_BOUNCE_BULL,LONG,4185.9,4159.661,4251.1,2.48,swing_level_sweet,-10,56,MEDIUM,,,43.7,16.195,13.11,MIXED,2,0.13,0,CLOSED,WIN,10,4251.1,56,,2026-10-02,,,,#GC-1001-PC,2026-10-02T02:10:35.833060+00:00,CON.F.US.GCE.Z26,Asia,2.48,lab (not sent),WIN,2.48,2.485,65.2,2.786,0.137,37314,2026-10-02T12:32:30.024013+00:00,lab,conviction
78a5824c26,2026-10-02T02:10:35.864754+00:00,GC,4h,VWAP_REJECT_BEAR,SHORT,4175.4,4220.0008,4081.8,2.1,swing_level_sweet,-10,14,REJECT,,,40.49,33.504,24.69,MIXED,2,0.53,0,CLOSED,LOSS,0,4220.0008,14,,2026-10-02,,,,#GC-1001-S6,2026-10-02T02:10:35.864754+00:00,CON.F.US.GCE.Z26,Asia,2.1,lab (not sent),LOSS,-1.0,-1.0,-44.6008,0.0,1.004,8485,2026-10-02T04:32:01.206690+00:00,lab,setup_off
6828ee81db,2026-10-02T02:28:38.846570+00:00,NQ,1h,VWAP_BOUNCE_BULL,LONG,30865.25,30769.687,31070.5,2.15,swing_level_sweet,6,55,MEDIUM,,,54.95,109.0648,12.11,MIXED,2,0.08,0,CLOSED,WIN,10,31070.5,55,,2026-10-02,,,,#NQ-1001-M3,2026-10-02T02:28:38.846570+00:00,CON.F.US.ENQ.Z26,Asia,2.15,lab (not sent),WIN,2.15,2.148,205.25,2.514,0.269,36230,2026-10-02T12:32:29.684234+00:00,lab,open_call
d92d77dae2,2026-10-02T02:28:39.025838+00:00,BTC,1h,EMA21_PULLBACK_BULL,LONG,84896.4,84286.2299,86734.0,3.01,swing_level,10,26,REJECT,,,63.28,428.7021,19.35,HH_HL,2,0.48,0,CLOSED,WIN,2,86734.0,26,,2026-10-02,,,,#BTC-1001-ER,2026-10-02T02:28:39.025838+00:00,BTC/USD,Asia,3.01,lab (not sent),WIN,3.01,3.012,1837.6,3.035,0.113,7219,2026-10-02T04:28:58.571156+00:00,lab,conviction
38b668700c,2026-10-02T02:30:39.353657+00:00,GC,4h,EMA21_PULLBACK_BEAR,SHORT,4188.6,4222.914,4106.0,2.41,swing_level_sweet,-10,6,REJECT,,,43.56,32.0466,24.67,MIXED,2,0.07,0,CLOSED,LOSS,0,4222.914,6,,2026-10-02,,,,#GC-1001-UF,2026-10-02T02:30:39.353657+00:00,CON.F.US.GCE.Z26,Asia,2.41,lab (not sent),LOSS,-1.0,-1.0,-34.314,0.108,1.113,12939,2026-10-02T06:06:19.318880+00:00,lab,conviction
e5fda6758b,2026-10-02T02:42:40.570747+00:00,GC,1h,VWAP_BOUNCE_BULL,LONG,4188.6,4159.6181,4251.1,2.16,swing_level_sweet,-10,56,MEDIUM,,,45.15,16.4093,12.84,MIXED,2,0.27,0,CLOSED,WIN,9,4251.1,56,,2026-10-02,,,,#GC-1001-UT,2026-10-02T02:42:40.570747+00:00,CON.F.US.GCE.Z26,Asia,2.16,lab (not sent),WIN,2.16,2.157,62.5,2.429,0.128,35389,2026-10-02T12:32:30.142981+00:00,lab,conviction
cba0f433d8,2026-10-02T02:52:41.627600+00:00,GC,1h,VWAP_BOUNCE_BULL,LONG,4191.6,4159.581,4251.1,1.86,swing_level,-10,56,MEDIUM,,,46.67,16.595,12.63,MIXED,2,0.47,0,CLOSED,WIN,9,4251.1,56,,2026-10-02,,,,#GC-1001-TY,2026-10-02T02:52:41.627600+00:00,CON.F.US.GCE.Z26,Asia,1.86,lab (not sent),WIN,1.86,1.858,59.5,2.105,0.0,34788,2026-10-02T12:32:30.261502+00:00,lab,rr_too_low
f50d694cd5,2026-10-02T03:02:42.278777+00:00,NQ,1h,VWAP_BOUNCE_BULL,LONG,30878.5,30769.562,31151.5,2.51,swing_level_sweet,6,55,MEDIUM,,,55.84,109.6898,12.19,MIXED,3,0.12,0,CLOSED,WIN,9,31151.5,55,,2026-10-02,,,,#NQ-1001-2V,2026-10-02T03:02:42.278777+00:00,CON.F.US.ENQ.Z26,Asia,2.51,lab (not sent),WIN,2.51,2.506,273.0,2.543,0.358,35644,2026-10-02T12:56:46.879448+00:00,lab,open_call
b295882403,2026-10-02T03:02:42.388200+00:00,GC,4h,EMA21_PULLBACK_BEAR,SHORT,4188.6,4222.914,4106.0,2.41,swing_level_sweet,-10,6,REJECT,,,43.56,32.0466,24.67,MIXED,3,0.07,0,CLOSED,LOSS,0,4222.914,6,,2026-10-02,,,,#GC-1001-5B,2026-10-02T03:02:42.388200+00:00,CON.F.US.GCE.Z26,Asia,2.41,lab (not sent),LOSS,-1.0,-1.0,-34.314,0.0,1.113,11017,2026-10-02T06:06:19.411896+00:00,lab,conviction
ee722ac6a8,2026-10-02T03:12:45.981531+00:00,GC,4h,VWAP_BOUNCE_BULL,LONG,4188.6,4156.4907,4252.9,2.0,swing_level_sweet,-10,56,MEDIUM,,,43.56,32.0466,24.67,MIXED,3,0.07,0,CLOSED,WIN,2,4252.9,56,,2026-10-02,,,,#GC-1001-W3,2026-10-02T03:12:45.981531+00:00,CON.F.US.GCE.Z26,Asia,2.0,lab (not sent),WIN,2.0,2.003,64.3,2.193,0.0,33584,2026-10-02T12:32:30.379382+00:00,lab,conviction
7d738fb6df,2026-10-02T03:25:48.156351+00:00,GC,1h,VWAP_BOUNCE_BULL,LONG,4204.5,4173.0133,4251.1,1.48,swing_level,-10,56,MEDIUM,,,52.65,16.4336,12.25,MIXED,3,0.35,0,CLOSED,WIN,9,4251.1,56,,2026-10-02,,,,#GC-1001-K6,2026-10-02T03:25:48.156351+00:00,CON.F.US.GCE.Z26,Asia,1.48,lab (not sent),WIN,1.48,1.48,46.6,1.731,0.289,32802,2026-10-02T12:32:30.505398+00:00,lab,rr_too_low
a9a4a1582b,2026-10-02T03:45:50.000948+00:00,NQ,1h,VWAP_BOUNCE_BULL,LONG,30881.75,30821.904,31070.5,3.15,swing_level,6,55,MEDIUM,,,55.86,104.2298,12.28,MIXED,3,0.08,0,CLOSED,WIN,8,31070.5,55,,2026-10-02,,,,#NQ-1001-48,2026-10-02T03:45:50.000948+00:00,CON.F.US.ENQ.Z26,Asia,3.15,lab (not sent),WIN,3.15,3.154,188.75,3.739,0.706,31599,2026-10-02T12:32:29.805182+00:00,lab,open_call
29e4c98884,2026-10-02T03:45:50.107625+00:00,GC,4h,VWAP_BOUNCE_BULL,LONG,4204.8,4156.2393,4329.4,2.57,swing_level_sweet,-10,56,MEDIUM,,,47.46,33.3037,24.67,MIXED,3,0.28,0,CLOSED,LOSS,3,4156.2393,56,,2026-10-02,,,,#GC-1001-DK,2026-10-02T03:45:50.107625+00:00,CON.F.US.GCE.Z26,Asia,2.57,lab (not sent),LOSS,-1.0,-1.0,-48.5607,1.116,1.05,43967,2026-10-02T15:58:37.367095+00:00,lab,conviction
e2979f52f1,2026-10-02T03:55:50.783483+00:00,GC,1h,VWAP_BOUNCE_BULL,LONG,4201.9,4172.9861,4251.1,1.7,swing_level,-10,56,MEDIUM,,,51.53,16.5693,12.12,MIXED,3,0.49,0,CLOSED,WIN,8,4251.1,56,,2026-10-02,,,,#GC-1001-NK,2026-10-02T03:55:50.783483+00:00,CON.F.US.GCE.Z26,Asia,1.7,lab (not sent),WIN,1.7,1.702,49.2,1.975,0.225,30999,2026-10-02T12:32:30.632919+00:00,lab,rr_too_low
9ef3a9afee,2026-10-02T04:15:55.014584+00:00,GC,4h,VWAP_BOUNCE_BULL,LONG,4204.8,4156.2393,4329.4,2.57,swing_level_sweet,-10,56,MEDIUM,,,47.46,33.3037,24.67,MIXED,4,0.28,0,CLOSED,LOSS,2,4156.2393,56,,2026-10-02,,,,#GC-1002-WU,2026-10-02T04:15:55.014584+00:00,CON.F.US.GCE.Z26,Asia,2.57,lab (not sent),LOSS,-1.0,-1.0,-48.5607,1.116,1.05,42162,2026-10-02T15:58:37.513476+00:00,lab,conviction
6c35464b17,2026-10-02T04:30:59.762484+00:00,NQ,1h,VWAP_BOUNCE_BULL,LONG,30898.0,30842.99,31070.5,3.14,swing_level,6,55,MEDIUM,,,57.04,98.8001,12.42,MIXED,4,0.07,0,CLOSED,LOSS,2,30842.99,55,,2026-10-02,,,,#NQ-1002-B7,2026-10-02T04:30:59.762484+00:00,CON.F.US.ENQ.Z26,Asia,3.14,lab (not sent),LOSS,-1.0,-1.0,-55.01,0.686,1.063,8266,2026-10-02T06:48:46.497059+00:00,lab,open_call
fe7c36a25d,2026-10-02T04:46:03.526984+00:00,GC,4h,VWAP_BOUNCE_BULL,LONG,4212.6,4156.0393,4329.4,2.07,swing_level_sweet,-8,56,MEDIUM,,,49.15,34.3037,24.25,MIXED,4,0.48,0,CLOSED,LOSS,2,4156.0393,56,,2026-10-02,,,,#GC-1002-VC,2026-10-02T04:46:03.526984+00:00,CON.F.US.GCE.Z26,Asia,2.07,lab (not sent),LOSS,-1.0,-1.0,-56.5607,0.82,1.04,40354,2026-10-02T15:58:37.667451+00:00,lab,conviction
990b01e3b1,2026-10-02T05:16:13.628813+00:00,NQ,15m,EMA21_PULLBACK_BULL,LONG,30898.0,30863.2818,30999.5,2.92,swing_level_sweet,6,10,REJECT,,,59.88,32.3138,21.02,MIXED,5,0.09,0,CLOSED,LOSS,4,30863.2818,10,,2026-10-02,,,,#NQ-1002-43,2026-10-02T05:16:13.628813+00:00,CON.F.US.ENQ.Z26,Asia,2.92,lab (not sent),LOSS,-1.0,-1.0,-34.7182,0.137,1.26,3915,2026-10-02T06:21:28.952049+00:00,lab,open_call:conviction
fc403b8297,2026-10-02T05:16:13.770744+00:00,GC,4h,VWAP_BOUNCE_BULL,LONG,4212.6,4156.0393,4329.4,2.07,swing_level_sweet,-8,56,MEDIUM,,,49.15,34.3037,24.25,MIXED,5,0.48,0,CLOSED,LOSS,2,4156.0393,56,,2026-10-02,,,,#GC-1002-X3,2026-10-02T05:16:13.770744+00:00,CON.F.US.GCE.Z26,Asia,2.07,lab (not sent),LOSS,-1.0,-1.0,-56.5607,0.82,1.04,38544,2026-10-02T15:58:37.815158+00:00,lab,conviction
f76c225bb0,2026-10-02T05:46:17.029853+00:00,NQ,15m,EMA21_PULLBACK_BULL,LONG,30878.5,30862.4279,30920.0,2.58,swing_level_sweet,6,10,REJECT,,,53.96,31.0736,20.22,MIXED,5,0.08,0,CLOSED,LOSS,2,30862.4279,10,,2026-10-02,,,,#NQ-1002-C9,2026-10-02T05:46:17.029853+00:00,CON.F.US.ENQ.Z26,Asia,2.58,lab (not sent),LOSS,-1.0,-1.0,-16.0721,1.509,1.509,2112,2026-10-02T06:21:29.045785+00:00,lab,open_call:conviction
5ab48ed654,2026-10-02T05:46:17.059803+00:00,NQ,1h,VWAP_BOUNCE_BULL,LONG,30878.5,30850.1743,30916.5,1.34,swing_level,6,55,MEDIUM,,,54.69,97.2098,13.01,MIXED,5,0.12,0,CLOSED,LOSS,1,30850.1743,55,,2026-10-02,,,,#NQ-1002-TW,2026-10-02T05:46:17.059803+00:00,CON.F.US.ENQ.Z26,Asia,1.34,lab (not sent),LOSS,-1.0,-1.0,-28.3257,0.856,1.024,3628,2026-10-02T06:46:45.147878+00:00,lab,open_call:rr_too_low
744eedaee8,2026-10-02T05:46:17.168652+00:00,GC,4h,VWAP_BOUNCE_BULL,LONG,4216.4,4156.0207,4351.6,2.24,swing_level_sweet,-8,56,MEDIUM,,,49.94,34.3966,24.18,MIXED,5,0.59,0,CLOSED,LOSS,2,4156.0207,56,,2026-10-02,,,,#GC-1002-U7,2026-10-02T05:46:17.168652+00:00,CON.F.US.GCE.Z26,Asia,2.24,lab (not sent),LOSS,-1.0,-1.0,-60.3793,0.706,1.037,36740,2026-10-02T15:58:37.954928+00:00,lab,conviction
b7294865fe,2026-10-02T06:06:18.866338+00:00,NQ,15m,VWAP_BOUNCE_BULL,LONG,30888.0,30857.9769,30949.75,2.06,swing_level_sweet,6,55,MEDIUM,,,56.24,31.3656,19.77,MIXED,6,0.82,0,CLOSED,LOSS,1,30857.9769,55,,2026-10-02,,,,#NQ-1002-AY,2026-10-02T06:06:18.866338+00:00,CON.F.US.ENQ.Z26,London,2.06,lab (not sent),LOSS,-1.0,-1.0,-30.0231,0.0,1.124,910,2026-10-02T06:21:29.139370+00:00,lab,open_call
68b95b28ef,2026-10-02T06:16:25.561026+00:00,GC,4h,VWAP_BOUNCE_BULL,LONG,4216.4,4156.0207,4351.6,2.24,swing_level_sweet,-10,56,MEDIUM,,,49.94,34.3966,24.18,MIXED,6,0.59,0,CLOSED,LOSS,2,4156.0207,56,,2026-10-02,,,,#GC-1002-X4,2026-10-02T06:16:25.561026+00:00,CON.F.US.GCE.Z26,London,2.24,lab (not sent),LOSS,-1.0,-1.0,-60.3793,0.706,1.037,34932,2026-10-02T15:58:38.105149+00:00,lab,conviction
e500aab88b,2026-10-02T06:36:38.729539+00:00,NQ,15m,VWAP_BOUNCE_BULL,LONG,30868.75,30847.3178,30920.0,2.39,swing_level_sweet,6,55,MEDIUM,,,50.79,30.911,18.7,MIXED,6,0.62,0,CLOSED,LOSS,0,30847.3178,55,,2026-10-02,,,,#NQ-1002-XS,2026-10-02T06:36:38.729539+00:00,CON.F.US.ENQ.Z26,London,2.39,lab (not sent),LOSS,-1.0,-1.0,-21.4322,0.0,1.365,727,2026-10-02T06:48:46.603056+00:00,lab,open_call
d3da046cc7,2026-10-02T06:46:45.395682+00:00,GC,4h,VWAP_BOUNCE_BULL,LONG,4209.6,4169.6649,4298.6,2.23,swing_level_sweet,-10,56,MEDIUM,,,48.49,33.1754,23.47,MIXED,6,0.22,0,CLOSED,LOSS,2,4169.6649,56,,2026-10-02,,,,#GC-1002-YK,2026-10-02T06:46:45.395682+00:00,CON.F.US.GCE.Z26,London,2.23,lab (not sent),LOSS,-1.0,-1.0,-39.9351,1.237,1.064,30817,2026-10-02T15:20:22.457657+00:00,lab,conviction
d45fa41648,2026-10-02T07:06:25.186270+00:00,NQ,15m,VWAP_BOUNCE_BULL,LONG,30888.75,30833.0488,30949.75,1.1,swing_level,6,55,MEDIUM,,,56.42,32.2559,17.05,MIXED,7,0.98,0,CLOSED,WIN,3,30949.75,55,,2026-10-02,,,,#NQ-1002-Z9,2026-10-02T07:06:25.186270+00:00,CON.F.US.ENQ.Z26,London,1.1,lab (not sent),WIN,1.1,1.095,61.0,1.1,0.242,2828,2026-10-02T07:53:33.548401+00:00,lab,open_call:rr_too_low
98005732e5,2026-10-02T07:11:26.173424+00:00,NQ,15m,VWAP_BOUNCE_BULL,LONG,30909.5,30832.9595,31151.5,3.16,swing_level,6,55,MEDIUM,,,61.11,32.7024,17.24,MIXED,7,1.56,0,CLOSED,WIN,23,31151.5,55,,2026-10-02,,,,#NQ-1002-6T,2026-10-02T07:11:26.173424+00:00,CON.F.US.ENQ.Z26,London,3.16,lab (not sent),WIN,3.16,3.162,242.0,3.214,0.447,20720,2026-10-02T12:56:46.996584+00:00,lab,open_call
2fba98545c,2026-10-02T07:15:26.959094+00:00,NQ,15m,BREAK_RETEST_BULL,LONG,30933.5,30907.0514,30999.5,2.5,swing_level_sweet,6,63,HIGH,,,65.44,32.3716,18.41,MIXED,7,0.08,0,CLOSED,LOSS,0,30907.0514,63,,2026-10-02,,,,#NQ-1002-6U,2026-10-02T07:15:26.959094+00:00,CON.F.US.ENQ.Z26,London,2.5,lab (not sent),LOSS,-1.0,-1.0,-26.4486,0.0,1.427,300,2026-10-02T07:20:27.512056+00:00,lab,open_call
7bd85b5673,2026-10-02T07:20:27.785203+00:00,GC,4h,VWAP_BOUNCE_BULL,LONG,4209.6,4169.6649,4298.6,2.23,swing_level_sweet,-10,56,MEDIUM,,,48.49,33.1754,23.47,MIXED,7,0.22,0,CLOSED,LOSS,1,4169.6649,56,,2026-10-02,,,,#GC-1002-DE,2026-10-02T07:20:27.785203+00:00,CON.F.US.GCE.Z26,London,2.23,lab (not sent),LOSS,-1.0,-1.0,-39.9351,1.237,1.064,28794,2026-10-02T15:20:22.616211+00:00,lab,conviction
15cc1e1d78,2026-10-02T07:43:32.077438+00:00,NQ,1h,VWAP_BOUNCE_BULL,LONG,30913.5,30820.7977,31151.5,2.57,swing_level_sweet,6,55,MEDIUM,,,57.38,93.5115,12.26,MIXED,7,0.18,0,CLOSED,WIN,5,31151.5,55,,2026-10-02,,,,#NQ-1002-WK,2026-10-02T07:43:32.077438+00:00,CON.F.US.ENQ.Z26,London,2.57,lab (not sent),WIN,2.57,2.567,238.0,2.611,0.003,18795,2026-10-02T12:56:47.113601+00:00,lab,open_call
bab06e14bc,2026-10-02T07:53:33.683304+00:00,NQ,15m,BREAK_RETEST_BULL,LONG,30943.5,30920.9821,30999.5,2.49,swing_level_sweet,6,63,HIGH,,,62.64,36.9198,19.93,MIXED,7,0.95,0,CLOSED,WIN,1,30999.5,63,,2026-10-02,,,,#NQ-1002-DF,2026-10-02T07:53:33.683304+00:00,CON.F.US.ENQ.Z26,London,2.49,lab (not sent),WIN,2.49,2.487,56.0,3.531,0.0,1083,2026-10-02T08:11:37.251364+00:00,lab,open_call
a9cddc7176,2026-10-02T07:53:33.810995+00:00,GC,4h,VWAP_BOUNCE_BULL,LONG,4212.0,4169.6349,4298.6,2.04,swing_level_sweet,-10,56,MEDIUM,,,49.0,33.3254,23.47,MIXED,7,0.41,0,CLOSED,LOSS,1,4169.6349,56,,2026-10-02,,,,#GC-1002-Q3,2026-10-02T07:53:33.810995+00:00,CON.F.US.GCE.Z26,London,2.04,lab (not sent),LOSS,-1.0,-1.0,-42.3651,1.109,1.06,26808,2026-10-02T15:20:22.800478+00:00,lab,conviction
5b1672ccc5,2026-10-02T07:58:34.728996+00:00,NQ,1h,VWAP_BOUNCE_BULL,LONG,30984.0,30820.0441,31151.5,1.02,swing_level,6,55,MEDIUM,,,61.97,97.2793,12.82,MIXED,7,0.28,0,CLOSED,WIN,4,31151.5,55,,2026-10-02,,,,#NQ-1002-RR,2026-10-02T07:58:34.728996+00:00,CON.F.US.ENQ.Z26,London,1.02,lab (not sent),WIN,1.02,1.022,167.5,1.046,0.432,17892,2026-10-02T12:56:47.230321+00:00,lab,open_call:rr_too_low
1c2ceed422,2026-10-02T07:58:34.893978+00:00,BTC,15m,EMA21_PULLBACK_BULL,LONG,86096.37,85662.5461,86885.28,1.82,swing_level,10,26,REJECT,,,60.05,259.0796,38.02,HH_HL,7,1.87,0,CLOSED,WIN,18,86885.28,26,,2026-10-02,,,,#BTC-1002-QS,2026-10-02T07:58:34.893978+00:00,BTC/USD,London,1.82,lab (not sent),WIN,1.82,1.819,788.91,2.657,0.103,16436,2026-10-02T12:32:31.104551+00:00,lab,crypto_dead_zone:rr_too_low
2de5caccfa,2026-10-02T08:01:35.882760+00:00,NQ,15m,EMA21_PULLBACK_BULL,LONG,30958.75,30885.7432,31151.5,2.64,swing_level_sweet,6,10,REJECT,,,63.07,38.4357,22.4,MIXED,8,0.37,0,CLOSED,WIN,19,31151.5,10,,2026-10-02,,,,#NQ-1002-Z2,2026-10-02T08:01:35.882760+00:00,CON.F.US.ENQ.Z26,London,2.64,lab (not sent),WIN,2.64,2.64,192.75,2.695,0.623,17711,2026-10-02T12:56:47.348877+00:00,lab,open_call:conviction
aff67f4b8b,2026-10-02T08:01:35.891780+00:00,NQ,15m,STOCH_REVERSAL_BEAR,SHORT,30958.75,31005.3743,30845.0,2.44,swing_level_sweet,6,26,REJECT,,,63.07,38.4357,22.4,MIXED,8,0.37,0,CLOSED,LOSS,0,31005.3743,26,,2026-10-02,,,,#NQ-1002-EV,2026-10-02T08:01:35.891780+00:00,CON.F.US.ENQ.Z26,London,2.44,lab (not sent),LOSS,-1.0,-1.0,-46.6243,0.0,1.276,601,2026-10-02T08:11:37.360706+00:00,lab,open_call:conviction
45f21615ec,2026-10-02T08:20:39.077994+00:00,NQ,15m,BB_REVERSION_BEAR,SHORT,30977.25,31039.0232,30845.0,2.14,swing_level_sweet,6,10,REJECT,,,63.44,41.7439,25.03,MIXED,8,0.71,0,CLOSED,LOSS,16,31039.0232,10,,2026-10-02,,,,#NQ-1002-SJ,2026-10-02T08:20:39.077994+00:00,CON.F.US.ENQ.Z26,London,2.14,lab (not sent),LOSS,-1.0,-1.0,-61.7732,1.036,2.076,15048,2026-10-02T12:31:28.014063+00:00,lab,open_call:conviction
0023f98d0b,2026-10-02T08:25:40.069562+00:00,GC,4h,VWAP_BOUNCE_BULL,LONG,4212.0,4169.6349,4298.6,2.04,swing_level_sweet,-10,56,MEDIUM,,,49.0,33.3254,23.47,MIXED,8,0.41,0,CLOSED,LOSS,1,4169.6349,56,,2026-10-02,,,,#GC-1002-D6,2026-10-02T08:25:40.069562+00:00,CON.F.US.GCE.Z26,London,2.04,lab (not sent),LOSS,-1.0,-1.0,-42.3651,1.109,1.06,24882,2026-10-02T15:20:23.004700+00:00,lab,conviction
81aba431e2,2026-10-02T08:55:44.538284+00:00,GC,4h,VWAP_BOUNCE_BULL,LONG,4212.9,4169.6349,4329.4,2.69,swing_level_sweet,-10,56,MEDIUM,,,49.19,33.3254,23.47,MIXED,8,0.71,0,CLOSED,LOSS,1,4169.6349,56,,2026-10-02,,,,#GC-1002-XQ,2026-10-02T08:55:44.538284+00:00,CON.F.US.GCE.Z26,London,2.69,lab (not sent),LOSS,-1.0,-1.0,-43.2651,1.066,1.059,23078,2026-10-02T15:20:23.204274+00:00,lab,conviction
86a54cd4ef,2026-10-02T09:00:45.238508+00:00,NQ,15m,BB_REVERSION_BEAR,SHORT,31002.0,31041.4817,30900.0,2.58,swing_level_sweet,6,10,REJECT,,,65.48,39.9392,30.93,MIXED,9,0.07,0,CLOSED,LOSS,14,31041.4817,10,,2026-10-02,,,,#NQ-1002-J3,2026-10-02T09:00:45.238508+00:00,CON.F.US.ENQ.Z26,London,2.58,lab (not sent),LOSS,-1.0,-1.0,-39.4817,2.248,2.621,12642,2026-10-02T12:31:28.149803+00:00,lab,open_call:conviction
83e0c6816c,2026-10-02T09:00:45.245435+00:00,NQ,15m,STOCH_REVERSAL_BEAR,SHORT,31002.0,31045.4757,30900.0,2.35,swing_level_sweet,6,26,REJECT,,,65.48,39.9392,30.93,MIXED,9,0.07,0,CLOSED,LOSS,14,31045.4757,26,,2026-10-02,,,,#NQ-1002-NC,2026-10-02T09:00:45.245435+00:00,CON.F.US.ENQ.Z26,London,2.35,lab (not sent),LOSS,-1.0,-1.0,-43.4757,2.041,2.381,12643,2026-10-02T12:31:28.271064+00:00,lab,open_call:conviction
c87a7c8b89,2026-10-02T09:25:56.545985+00:00,GC,4h,VWAP_BOUNCE_BULL,LONG,4212.9,4169.6349,4329.4,2.69,swing_level_sweet,-10,56,MEDIUM,,,49.19,33.3254,23.47,MIXED,9,0.71,0,CLOSED,LOSS,1,4169.6349,56,,2026-10-02,,,,#GC-1002-AC,2026-10-02T09:25:56.545985+00:00,CON.F.US.GCE.Z26,London,2.69,lab (not sent),LOSS,-1.0,-1.0,-43.2651,1.066,1.059,21266,2026-10-02T15:20:23.455921+00:00,lab,conviction
fa74467cf0,2026-10-02T09:56:01.260019+00:00,GC,4h,VWAP_BOUNCE_BULL,LONG,4213.5,4169.6349,4329.4,2.64,swing_level_sweet,-10,56,MEDIUM,,,49.31,33.3254,23.47,MIXED,9,0.86,0,CLOSED,LOSS,1,4169.6349,56,,2026-10-02,,,,#GC-1002-9P,2026-10-02T09:56:01.260019+00:00,CON.F.US.GCE.Z26,London,2.64,lab (not sent),LOSS,-1.0,-1.0,-43.8651,1.037,1.058,19462,2026-10-02T15:20:23.620017+00:00,lab,conviction
b76bf5f4b1,2026-10-02T10:26:05.886980+00:00,GC,4h,VWAP_BOUNCE_BULL,LONG,4213.5,4169.6349,4329.4,2.64,swing_level_sweet,-10,56,MEDIUM,,,49.31,33.3254,23.47,MIXED,10,0.86,0,CLOSED,LOSS,1,4169.6349,56,,2026-10-02,,,,#GC-1002-HM,2026-10-02T10:26:05.886980+00:00,CON.F.US.GCE.Z26,London,2.64,lab (not sent),LOSS,-1.0,-1.0,-43.8651,1.037,1.058,17657,2026-10-02T15:20:23.828137+00:00,lab,conviction
ee4f5e8c87,2026-10-02T10:51:10.396581+00:00,GC,4h,VWAP_REJECT_BEAR,SHORT,4210.9,4233.2833,4169.4,1.85,swing_level,-10,14,REJECT,,,48.71,32.4164,23.27,MIXED,10,0.24,0,CLOSED,LOSS,0,4233.2833,14,,2026-10-02,,,,#GC-1002-SB,2026-10-02T10:51:10.396581+00:00,CON.F.US.GCE.Z26,London,1.85,lab (not sent),LOSS,-1.0,-1.0,-22.3833,0.29,2.149,6018,2026-10-02T12:31:28.525362+00:00,lab,rr_too_low
6e9d4d87ec,2026-10-02T11:21:14.623751+00:00,GC,4h,VWAP_REJECT_BEAR,SHORT,4210.9,4233.2833,4169.4,1.85,swing_level,-8,14,REJECT,,,48.71,32.4164,23.27,MIXED,11,0.24,0,CLOSED,LOSS,0,4233.2833,14,,2026-10-02,,,,#GC-1002-WX,2026-10-02T11:21:14.623751+00:00,CON.F.US.GCE.Z26,London,1.85,lab (not sent),LOSS,-1.0,-1.0,-22.3833,0.29,2.149,4214,2026-10-02T12:31:28.654439+00:00,lab,rr_too_low
57dc0516c0,2026-10-02T11:51:19.075944+00:00,GC,4h,VWAP_REJECT_BEAR,SHORT,4207.0,4233.3219,4143.1,2.43,swing_level_sweet,-10,14,REJECT,,,47.85,32.6093,23.27,MIXED,11,0.4,0,CLOSED,LOSS,0,4233.3219,14,,2026-10-02,,,,#GC-1002-V9,2026-10-02T11:51:19.075944+00:00,CON.F.US.GCE.Z26,London,2.43,lab (not sent),LOSS,-1.0,-1.0,-26.3219,0.099,1.976,2409,2026-10-02T12:31:28.771776+00:00,lab,setup_off
acf43362b7,2026-10-02T11:51:19.084714+00:00,GC,4h,EMA21_PULLBACK_BEAR,SHORT,4207.0,4236.5828,4143.1,2.16,swing_level_sweet,-10,6,REJECT,,,47.85,32.6093,23.27,MIXED,11,0.4,0,CLOSED,LOSS,0,4236.5828,6,,2026-10-02,,,,#GC-1002-8W,2026-10-02T11:51:19.084714+00:00,CON.F.US.GCE.Z26,London,2.16,lab (not sent),LOSS,-1.0,-1.0,-29.5828,0.088,1.758,2409,2026-10-02T12:31:28.884406+00:00,lab,conviction
d7732e2e38,2026-10-02T12:21:23.634132+00:00,GC,4h,VWAP_REJECT_BEAR,SHORT,4207.0,4233.3219,4143.1,2.43,swing_level_sweet,-10,14,REJECT,,,47.85,32.6093,23.27,MIXED,12,0.4,0,CLOSED,LOSS,0,4233.3219,14,,2026-10-02,,,,#GC-1002-92,2026-10-02T12:21:23.634132+00:00,CON.F.US.GCE.Z26,NY pre,2.43,lab (not sent),LOSS,-1.0,-1.0,-26.3219,0.0,1.976,667,2026-10-02T12:32:30.759624+00:00,lab,setup_off
5b175bdf7b,2026-10-02T12:21:23.643014+00:00,GC,4h,EMA21_PULLBACK_BEAR,SHORT,4207.0,4236.5828,4143.1,2.16,swing_level_sweet,-10,6,REJECT,,,47.85,32.6093,23.27,MIXED,12,0.4,0,CLOSED,LOSS,0,4236.5828,6,,2026-10-02,,,,#GC-1002-BA,2026-10-02T12:21:23.643014+00:00,CON.F.US.GCE.Z26,NY pre,2.16,lab (not sent),LOSS,-1.0,-1.0,-29.5828,0.0,1.758,667,2026-10-02T12:32:30.889099+00:00,lab,conviction
5828221aee,2026-10-02T12:32:31.235030+00:00,BTC,15m,MACD_CROSS_BULL,LONG,86881.82,86310.4615,88310.2162,2.5,synthesized,10,32,REJECT,,,71.34,241.9616,33.44,HH_HL,12,2.4,1,CLOSED,LOSS,6,86310.4615,32,,2026-10-02,,,,#BTC-1002-UV,2026-10-02T12:32:31.235030+00:00,BTC/USD,NY pre,2.5,lab (not sent),LOSS,-1.0,-1.0,-571.3585,0.519,1.062,6212,2026-10-02T14:16:03.554975+00:00,lab,no_target
186db4b023,2026-10-02T12:51:44.038475+00:00,GC,4h,VWAP_BOUNCE_BULL,LONG,4236.5,4200.3024,4329.4,2.57,swing_level_sweet,-8,56,MEDIUM,,,54.24,35.4879,22.26,MIXED,12,1.23,0,CLOSED,LOSS,0,4200.3024,56,,2026-10-02,,,,#GC-1002-XT,2026-10-02T12:51:44.038475+00:00,CON.F.US.GCE.Z26,NY pre,2.57,lab (not sent),LOSS,-1.0,-1.0,-36.1976,0.536,1.058,5967,2026-10-02T14:31:11.492398+00:00,lab,conviction
02ccaf7530,2026-10-02T13:17:26.244703+00:00,NQ,15m,BB_REVERSION_BEAR,SHORT,31159.5,31237.5564,30913.25,3.15,swing_level,10,10,REJECT,,,73.83,51.0213,30.51,MIXED,13,0.28,0,CLOSED,LOSS,3,31237.5564,10,,2026-10-02,,,,#NQ-1002-UV,2026-10-02T13:17:26.244703+00:00,CON.F.US.ENQ.Z26,NY pre,3.15,lab (not sent),LOSS,-1.0,-1.0,-78.0564,1.323,1.281,2972,2026-10-02T14:06:58.985057+00:00,lab,conviction
4d13aaaf0d,2026-10-02T13:22:34.747205+00:00,GC,4h,VWAP_BOUNCE_BULL,LONG,4236.5,4200.3024,4329.4,2.57,swing_level_sweet,-8,56,MEDIUM,,,54.24,35.4879,22.26,MIXED,13,1.23,0,CLOSED,LOSS,0,4200.3024,56,,2026-10-02,,,,#GC-1002-NK,2026-10-02T13:22:34.747205+00:00,CON.F.US.GCE.Z26,NY pre,2.57,lab (not sent),LOSS,-1.0,-1.0,-36.1976,0.0,1.058,4116,2026-10-02T14:31:11.636445+00:00,lab,conviction
8b881863ac,2026-10-02T13:33:39.455999+00:00,BTC,15m,EMA21_PULLBACK_BULL,LONG,86817.71,86360.9807,87959.5333,2.5,synthesized,10,26,REJECT,,,63.97,267.9077,37.62,HH_HL,13,0.67,1,CLOSED,LOSS,2,86360.9807,26,,2026-10-02,,,,#BTC-1002-R3,2026-10-02T13:33:39.455999+00:00,BTC/USD,NY open,2.5,lab (not sent),LOSS,-1.0,-1.0,-456.7293,0.399,1.105,2362,2026-10-02T14:13:02.023148+00:00,lab,no_target
d193ff19c0,2026-10-02T13:36:41.601333+00:00,BTC,15m,MACD_CROSS_BULL,LONG,87035.71,86471.8878,88445.2656,2.5,synthesized,10,32,REJECT,,,67.91,281.6741,38.02,HH_HL,13,1.51,1,CLOSED,LOSS,1,86471.8878,32,,2026-10-02,,,,#BTC-1002-M8,2026-10-02T13:36:41.601333+00:00,BTC/USD,NY open,2.5,lab (not sent),LOSS,-1.0,-1.0,-563.8222,0.0,1.039,1272,2026-10-02T13:57:54.298014+00:00,lab,no_target
9d608327d8,2026-10-02T14:48:15.617647+00:00,BTC,15m,BB_REVERSION_BULL,LONG,86033.03,85572.3699,87249.05,2.64,swing_level_sweet,10,35,REJECT,,,43.22,340.2002,32.51,HH_HL,14,0.15,0,CLOSED,LOSS,1,85572.3699,35,,2026-10-02,,,,#BTC-1002-HK,2026-10-02T14:48:15.617647+00:00,BTC/USD,NY open,2.64,lab (not sent),LOSS,-1.0,-1.0,-460.6601,0.0,1.351,1083,2026-10-02T15:06:19.249076+00:00,lab,conviction
2bdcf0d020,2026-10-02T14:53:16.586926+00:00,GC,4h,VWAP_REJECT_BEAR,SHORT,4194.0,4266.1106,4049.2,2.01,swing_level_sweet,-10,14,REJECT,,,45.09,35.553,20.9,MIXED,14,0.62,0,CLOSED,WIN,1,4170.0,14,,2026-10-02,,,,#GC-1002-ZK,2026-10-02T14:53:16.586926+00:00,CON.F.US.GCE.Z26,NY open,2.01,lab (not sent),WIN,0.333,0.333,24.0,0.557,0.0,18105,2026-10-02T19:55:01.664821+00:00,lab,setup_off
09cdcecb6b,2026-10-02T14:53:16.593570+00:00,GC,4h,EMA21_PULLBACK_BEAR,SHORT,4194.0,4269.6659,4035.0,2.1,swing_level_sweet,-10,6,REJECT,,,45.09,35.553,20.9,MIXED,14,0.62,0,CLOSED,WIN,1,4170.0,6,,2026-10-02,,,,#GC-1002-ED,2026-10-02T14:53:16.593570+00:00,CON.F.US.GCE.Z26,NY open,2.1,lab (not sent),WIN,0.317,0.317,24.0,0.531,0.0,18105,2026-10-02T19:55:01.854211+00:00,lab,conviction
0422c617d7,2026-10-02T15:01:18.239319+00:00,NQ,15m,EMA21_PULLBACK_BULL,LONG,31169.5,31091.3106,31325.8788,2.0,synthesized,10,10,REJECT,,,61.59,61.6991,28.85,MIXED,15,0.15,0,CLOSED,LOSS,0,31091.3106,10,,2026-10-02,,,,#NQ-1002-8Z,2026-10-02T15:01:18.239319+00:00,CON.F.US.ENQ.Z26,NY mid,2.0,lab (not sent),LOSS,-1.0,-1.0,-78.1894,0.0,1.103,602,2026-10-02T15:11:20.429753+00:00,lab,no_target
7fdc61ea0b,2026-10-02T15:01:18.248418+00:00,NQ,15m,BREAK_RETEST_BULL,LONG,31169.5,31122.0704,31264.3593,2.0,synthesized,10,63,HIGH,,,61.59,61.6991,28.85,MIXED,15,0.15,0,CLOSED,LOSS,0,31122.0704,63,,2026-10-02,,,,#NQ-1002-A8,2026-10-02T15:01:18.248418+00:00,CON.F.US.ENQ.Z26,NY mid,2.0,lab (not sent),LOSS,-1.0,-1.0,-47.4296,0.0,1.102,300,2026-10-02T15:06:18.818211+00:00,lab,no_target
62bf1c775f,2026-10-02T15:06:19.020172+00:00,NQ,15m,EMA21_PULLBACK_BULL,LONG,31117.25,31085.5053,31151.5,1.08,swing_level,10,10,REJECT,,,54.44,65.217,28.05,MIXED,15,0.82,0,CLOSED,LOSS,0,31085.5053,10,,2026-10-02,,,,#NQ-1002-B4,2026-10-02T15:06:19.020172+00:00,CON.F.US.ENQ.Z26,NY mid,1.08,lab (not sent),LOSS,-1.0,-1.0,-31.7447,0.0,1.071,301,2026-10-02T15:11:20.568502+00:00,lab,rr_too_low
e63c0c5acc,2026-10-02T15:06:19.036865+00:00,NQ,15m,BREAK_RETEST_BULL,LONG,31117.25,31091.1632,31151.5,1.31,swing_level,10,63,HIGH,,,54.44,65.217,28.05,MIXED,15,0.82,0,CLOSED,LOSS,0,31091.1632,63,,2026-10-02,,,,#NQ-1002-QH,2026-10-02T15:06:19.036865+00:00,CON.F.US.ENQ.Z26,NY mid,1.31,lab (not sent),LOSS,-1.0,-1.0,-26.0868,0.0,1.303,301,2026-10-02T15:11:20.712146+00:00,lab,rr_too_low
48033f68a8,2026-10-02T15:11:20.882232+00:00,NQ,15m,VWAP_REJECT_BEAR,SHORT,31083.25,31266.7791,30684.0,2.18,swing_level_sweet,10,26,REJECT,,,50.54,67.6455,27.79,MIXED,15,1.58,0,CLOSED,WIN,18,31066.75,26,,2026-10-02,,,,#NQ-1002-SF,2026-10-02T15:11:20.882232+00:00,CON.F.US.ENQ.Z26,NY mid,2.18,lab (not sent),WIN,0.09,0.09,16.5,0.519,0.256,17021,2026-10-02T19:55:02.051326+00:00,lab,setup_off
b463713a06,2026-10-02T15:20:22.354948+00:00,NQ,15m,MACD_CROSS_BEAR,SHORT,31028.5,31202.4371,30638.5,2.24,swing_level_sweet,10,27,REJECT,,,45.01,70.6237,27.12,MIXED,15,0.72,0,CLOSED,LOSS,18,31066.75,27,,2026-10-02,,,,#NQ-1002-Y3,2026-10-02T15:20:22.354948+00:00,CON.F.US.ENQ.Z26,NY mid,2.24,lab (not sent),LOSS,-0.22,-0.22,-38.25,0.194,0.585,16479,2026-10-02T19:55:02.230687+00:00,lab,conviction
450a4f36bf,2026-10-02T15:48:29.779791+00:00,NQ,15m,VWAP_BOUNCE_BULL,LONG,31095.25,31013.5773,31282.5,2.29,swing_level_sweet,10,55,MEDIUM,,scalp (15-90 min) - flat by 4PM ET,52.15,69.6133,25.99,MIXED,15,0.25,0,CLOSED,LOSS,6,31013.5773,55,,2026-10-02,0,0,,#NQ-1002-UJ,2026-10-02T15:48:29.779791+00:00,CON.F.US.ENQ.Z26,NY mid,2.29,control,LOSS,-1.0,-1.0,-81.6727,0.429,1.126,6034,2026-10-02T17:29:04.309748+00:00,real,
9d49346685,2026-10-02T15:48:35.203808+00:00,NQ,15m,RSI_DIV_BEAR,SHORT,31095.25,31281.0953,30684.0,2.21,swing_level_sweet,10,20,REJECT,,,52.15,69.6133,25.99,MIXED,15,0.25,0,CLOSED,WIN,16,31066.75,20,,2026-10-02,,,,#NQ-1002-V7,2026-10-02T15:48:35.203808+00:00,CON.F.US.ENQ.Z26,NY mid,2.21,lab (not sent),WIN,0.153,0.153,28.5,0.541,0.188,14787,2026-10-02T19:55:02.420403+00:00,lab,conviction
715a6e53a1,2026-10-02T17:31:05.349706+00:00,NQ,15m,VWAP_REJECT_BEAR,SHORT,31015.75,31121.8856,30791.5,2.11,swing_level_sweet,10,26,REJECT,,,42.4,66.9282,21.92,MIXED,17,0.58,0,CLOSED,LOSS,9,31066.75,26,,2026-10-02,,,,#NQ-1002-B2,2026-10-02T17:31:05.349706+00:00,CON.F.US.ENQ.Z26,NY mid,2.11,lab (not sent),LOSS,-0.481,-0.481,-51.0,0.042,0.707,8637,2026-10-02T19:55:02.618756+00:00,lab,setup_off
283aa1f64a,2026-10-02T18:03:19.676803+00:00,BTC,1h,STOCH_REVERSAL_BULL,LONG,84845.88,84167.6326,86734.0,2.78,swing_level_sweet,10,51,REJECT,,,43.08,565.2062,33.04,HH_HL,18,0.05,1,CLOSED,LOSS,0,84167.6326,51,,2026-10-02,,,,#BTC-1002-8N,2026-10-02T18:03:19.676803+00:00,BTC/USD,NY close,2.78,lab (not sent),LOSS,-1.0,-1.0,-678.2474,0.056,1.348,2267,2026-10-02T18:41:07.190382+00:00,lab,conviction
28eb159660,2026-10-02T18:52:10.978272+00:00,BTC,15m,STOCH_REVERSAL_BULL,LONG,84159.65,83724.7704,85613.72,3.34,swing_level,10,51,REJECT,,,25.78,357.274,35.33,HH_HL,18,0.79,0,CLOSED,SKIP,121,84159.65,51,,2026-10-02,,,,#BTC-1002-NW,2026-10-02T18:52:10.978272+00:00,BTC/USD,NY close,3.34,lab (not sent),SKIP,0.0,0.0,0.0,1.982,0.471,109735,2026-10-04T01:21:06.332550+00:00,lab,conviction
e45d9be330,2026-10-02T18:57:12.089641+00:00,GC,4h,BB_REVERSION_BULL,LONG,4172.1,4142.9895,4251.1,2.71,swing_level_sweet,-10,72,HIGH,,intraday (hours) - flat by 4PM ET,41.67,36.0349,21.25,MIXED,18,0.1,0,CLOSED,LOSS,0,4170.0,72,,2026-10-02,0,0,,#GC-1002-5U,2026-10-02T18:57:12.089641+00:00,CON.F.US.GCE.Z26,NY close,2.71,control,LOSS,-0.072,-0.072,-2.1,0.234,0.093,3470,2026-10-02T19:55:02.796569+00:00,real,
b79236e44f,2026-10-02T18:57:12.725594+00:00,BTC,15m,BB_REVERSION_BULL,LONG,84180.72,83743.9332,85613.72,3.28,swing_level,10,35,REJECT,,,26.42,363.989,35.33,HH_HL,18,1.13,0,CLOSED,SKIP,121,84180.72,35,,2026-10-02,,,,#BTC-1002-X5,2026-10-02T18:57:12.725594+00:00,BTC/USD,NY close,3.28,lab (not sent),SKIP,0.0,0.0,0.0,1.925,0.517,109433,2026-10-04T01:21:06.332695+00:00,lab,conviction
7303187372,2026-10-02T19:02:13.388429+00:00,GC,4h,VWAP_REJECT_BEAR,SHORT,4172.1,4233.807,4035.0,2.22,swing_level_sweet,-10,14,REJECT,,,41.67,36.0349,21.25,MIXED,19,0.1,0,CLOSED,WIN,0,4170.0,14,,2026-10-02,,,,#GC-1002-GK,2026-10-02T19:02:13.388429+00:00,CON.F.US.GCE.Z26,NY close,2.22,lab (not sent),WIN,0.034,0.034,2.1,0.044,0.11,3169,2026-10-02T19:55:03.359261+00:00,lab,open_call:setup_off
966734f754,2026-10-02T19:02:13.398618+00:00,GC,4h,EMA21_PULLBACK_BEAR,SHORT,4172.1,4237.4105,4035.0,2.1,swing_level_sweet,-10,6,REJECT,,,41.67,36.0349,21.25,MIXED,19,0.1,0,CLOSED,WIN,0,4170.0,6,,2026-10-02,,,,#GC-1002-FM,2026-10-02T19:02:13.398618+00:00,CON.F.US.GCE.Z26,NY close,2.1,lab (not sent),WIN,0.032,0.032,2.1,0.041,0.104,3170,2026-10-02T19:55:03.536767+00:00,lab,open_call:conviction
d7a55986be,2026-10-02T19:02:13.406024+00:00,GC,4h,RSI_DIV_BULL,LONG,4172.1,4139.386,4251.1,2.41,swing_level_sweet,-10,3,REJECT,,,41.67,36.0349,21.25,MIXED,19,0.1,0,CLOSED,LOSS,0,4170.0,3,,2026-10-02,,,,#GC-1002-BN,2026-10-02T19:02:13.406024+00:00,CON.F.US.GCE.Z26,NY close,2.41,lab (not sent),LOSS,-0.064,-0.064,-2.1,0.208,0.083,3170,2026-10-02T19:55:03.720460+00:00,lab,open_call:conviction
db0723398c,2026-10-02T19:11:23.581747+00:00,GC,4h,BB_REVERSION_BULL,LONG,4176.0,4142.8952,4251.1,2.27,swing_level_sweet,-6,72,HIGH,,,42.58,36.3492,21.25,MIXED,19,0.14,0,CLOSED,LOSS,0,4170.0,72,,2026-10-02,,,,#GC-1002-GN,2026-10-02T19:11:23.581747+00:00,CON.F.US.GCE.Z26,NY close,2.27,lab (not sent),LOSS,-0.181,-0.181,-6.0,0.088,0.199,2620,2026-10-02T19:55:03.921328+00:00,lab,open_call
fd0641ca04,2026-10-02T19:46:28.225766+00:00,BTC,15m,RSI_DIV_BULL,LONG,84184.66,83724.5392,85613.72,3.11,swing_level,10,30,REJECT,,,29.11,313.7021,40.68,HH_HL,19,0.06,0,CLOSED,SKIP,118,84184.66,30,,2026-10-02,,,,#BTC-1002-8G,2026-10-02T19:46:28.225766+00:00,BTC/USD,NY close,3.11,lab (not sent),SKIP,0.0,0.0,0.0,1.819,0.0,106478,2026-10-04T01:21:06.332736+00:00,lab,conviction
1d798042f9,2026-10-02T19:58:36.288531+00:00,BTC,15m,RSI_DIV_BULL,LONG,84296.19,83721.6655,85613.72,2.29,swing_level_sweet,10,30,REJECT,,,32.81,320.8863,40.26,HH_HL,19,0.87,1,CLOSED,SKIP,117,84296.19,30,,2026-10-02,,,,#BTC-1002-JT,2026-10-02T19:58:36.288531+00:00,BTC/USD,NY close,2.29,lab (not sent),SKIP,0.0,0.0,0.0,1.263,0.167,105750,2026-10-04T01:21:06.332770+00:00,lab,rr_too_low
45ab6fcfde,2026-10-02T20:11:42.133975+00:00,BTC,1h,BB_REVERSION_BULL,LONG,84384.88,83687.9242,86384.73,2.87,swing_level_sweet,10,35,REJECT,,,39.03,580.7965,31.39,HH_HL,20,0.12,0,CLOSED,SKIP,29,84384.88,35,,2026-10-05,,,,#BTC-1002-X7,2026-10-02T20:11:42.133975+00:00,BTC/USD,Settle,2.87,lab (not sent),SKIP,0.0,0.0,0.0,0.914,0.265,104964,2026-10-04T01:21:06.332801+00:00,lab,conviction
f839b5f3aa,2026-10-02T20:26:14.888053+00:00,BTC,15m,RSI_DIV_BULL,LONG,84512.03,83832.3944,86625.08,3.11,swing_level,10,30,REJECT,,,39.72,306.3639,39.14,HH_HL,20,0.89,0,CLOSED,SKIP,115,84512.03,30,,2026-10-05,,,,#BTC-1002-9K,2026-10-02T20:26:14.888053+00:00,BTC/USD,Settle,3.11,lab (not sent),SKIP,0.0,0.0,0.0,0.75,0.459,104091,2026-10-04T01:21:06.332830+00:00,lab,conviction
4d9e7efb7e,2026-10-04T22:00:09.440715+00:00,GC,4h,VWAP_REJECT_BEAR,SHORT,4172.1,4233.8941,4035.0,2.22,swing_level_sweet,-10,14,REJECT,,,41.67,36.4706,21.25,MIXED,22,0.38,0,CLOSED,WIN,5,4167.6,14,,2026-10-05,,,,#GC-1004-PR,2026-10-04T22:00:09.440715+00:00,CON.F.US.GCE.Z26,Asia,2.22,lab (not sent),WIN,0.073,0.073,4.5,0.351,0.434,78915,2026-10-05T19:55:24.909078+00:00,lab,setup_off
07be2dce54,2026-10-04T22:00:09.451831+00:00,GC,4h,EMA21_PULLBACK_BEAR,SHORT,4172.1,4237.5412,4035.0,2.1,swing_level_sweet,-10,6,REJECT,,,41.67,36.4706,21.25,MIXED,22,0.38,0,CLOSED,WIN,5,4167.6,6,,2026-10-05,,,,#GC-1004-W2,2026-10-04T22:00:09.451831+00:00,CON.F.US.GCE.Z26,Asia,2.1,lab (not sent),WIN,0.069,0.069,4.5,0.332,0.41,78915,2026-10-05T19:55:25.184920+00:00,lab,conviction
76f47199c3,2026-10-04T22:00:09.458135+00:00,GC,4h,RSI_DIV_BULL,LONG,4172.1,4139.2117,4251.1,2.4,swing_level_sweet,-10,3,REJECT,,,41.67,36.4706,21.25,MIXED,22,0.38,0,CLOSED,LOSS,5,4167.6,3,,2026-10-05,,,,#GC-1004-ZH,2026-10-04T22:00:09.458135+00:00,CON.F.US.GCE.Z26,Asia,2.4,lab (not sent),LOSS,-0.137,-0.137,-4.5,0.815,0.66,78916,2026-10-05T19:55:25.479349+00:00,lab,conviction
56e12d9141,2026-10-04T22:00:09.468669+00:00,GC,4h,BB_REVERSION_BULL,LONG,4172.1,4142.8588,4251.1,2.7,swing_level_sweet,-10,72,HIGH,,intraday (hours) - flat by 4PM ET,41.67,36.4706,21.25,MIXED,22,0.38,0,CLOSED,LOSS,5,4167.6,72,,2026-10-05,0,0,,#GC-1004-YX,2026-10-04T22:00:09.468669+00:00,CON.F.US.GCE.Z26,Asia,2.7,control,LOSS,-0.154,-0.154,-4.5,0.917,0.742,78916,2026-10-05T19:55:25.807880+00:00,real,
69144e84da,2026-10-04T22:00:46.772012+00:00,GC,4h,VWAP_REJECT_BEAR,SHORT,4172.1,4233.8941,4035.0,2.22,swing_level_sweet,-10,14,REJECT,,,41.67,36.4706,21.25,MIXED,22,0.38,0,CLOSED,WIN,5,4167.6,14,,2026-10-05,,,,#GC-1004-AA,2026-10-04T22:00:46.772012+00:00,CON.F.US.GCE.Z26,Asia,2.22,lab (not sent),WIN,0.073,0.073,4.5,0.351,0.434,78879,2026-10-05T19:55:26.496283+00:00,lab,open_call:setup_off
546d9732b5,2026-10-04T22:00:46.783034+00:00,GC,4h,EMA21_PULLBACK_BEAR,SHORT,4172.1,4237.5412,4035.0,2.1,swing_level_sweet,-10,6,REJECT,,,41.67,36.4706,21.25,MIXED,22,0.38,0,CLOSED,WIN,5,4167.6,6,,2026-10-05,,,,#GC-1004-JV,2026-10-04T22:00:46.783034+00:00,CON.F.US.GCE.Z26,Asia,2.1,lab (not sent),WIN,0.069,0.069,4.5,0.332,0.41,78879,2026-10-05T19:55:26.765721+00:00,lab,open_call:conviction
b0eda1e964,2026-10-04T22:00:46.794500+00:00,GC,4h,RSI_DIV_BULL,LONG,4172.1,4139.2117,4251.1,2.4,swing_level_sweet,-10,3,REJECT,,,41.67,36.4706,21.25,MIXED,22,0.38,0,CLOSED,LOSS,5,4167.6,3,,2026-10-05,,,,#GC-1004-63,2026-10-04T22:00:46.794500+00:00,CON.F.US.GCE.Z26,Asia,2.4,lab (not sent),LOSS,-0.137,-0.137,-4.5,0.815,0.66,78880,2026-10-05T19:55:27.039468+00:00,lab,open_call:conviction
e5db0e6bc3,2026-10-04T22:01:47.593089+00:00,NQ,15m,VWAP_BOUNCE_BULL,LONG,31119.0,31034.59,31282.5,1.94,swing_level,10,55,MEDIUM,,,59.72,45.8002,16.05,MIXED,22,0.12,0,CLOSED,LOSS,30,31034.59,55,,2026-10-05,,,,#NQ-1004-RP,2026-10-04T22:01:47.593089+00:00,CON.F.US.ENQ.Z26,Asia,1.94,lab (not sent),LOSS,-1.0,-1.0,-84.41,1.211,1.158,27347,2026-10-05T05:37:34.828093+00:00,lab,rr_too_low
ddf78087da,2026-10-04T22:20:02.405880+00:00,NQ,15m,VWAP_BOUNCE_BULL,LONG,31127.0,31049.9083,31282.5,2.02,swing_level_sweet,10,55,MEDIUM,,scalp (15-90 min) - flat by 4PM ET,60.87,45.4586,16.5,MIXED,22,0.08,0,CLOSED,LOSS,25,31049.9083,55,True,2026-10-05,0,0,,#NQ-1004-KE,2026-10-04T22:20:02.405880+00:00,CON.F.US.ENQ.Z26,Asia,2.02,control,LOSS,-1.0,-1.0,-77.0917,1.223,1.067,22521,2026-10-05T04:35:23.913867+00:00,real,
f5bf21921d,2026-10-04T22:20:33.292279+00:00,NQ,1h,VWAP_BOUNCE_BULL,LONG,31127.0,31023.5678,31282.5,1.5,swing_level,10,55,MEDIUM,,,61.72,100.9111,16.68,MIXED,22,0.13,0,CLOSED,LOSS,7,31023.5678,55,,2026-10-05,,,,#NQ-1004-U8,2026-10-04T22:20:33.292279+00:00,CON.F.US.ENQ.Z26,Asia,1.5,lab (not sent),LOSS,-1.0,-1.0,-103.4322,0.911,1.022,26221,2026-10-05T05:37:35.016204+00:00,lab,open_call:rr_too_low
f376e0835f,2026-10-04T22:30:41.335049+00:00,GC,4h,BB_REVERSION_BULL,LONG,4172.1,4142.8588,4251.1,2.7,swing_level_sweet,-10,72,HIGH,,,41.67,36.4706,21.25,MIXED,22,0.38,0,CLOSED,LOSS,5,4167.6,72,,2026-10-05,,,,#GC-1004-TV,2026-10-04T22:30:41.335049+00:00,CON.F.US.GCE.Z26,Asia,2.7,lab (not sent),LOSS,-0.154,-0.154,-4.5,0.917,0.742,77085,2026-10-05T19:55:27.306748+00:00,lab,open_call
f412bb622d,2026-10-04T22:31:11.650660+00:00,GC,4h,VWAP_REJECT_BEAR,SHORT,4172.1,4233.8941,4035.0,2.22,swing_level_sweet,-10,14,REJECT,,,41.67,36.4706,21.25,MIXED,22,0.38,0,CLOSED,WIN,5,4167.6,14,,2026-10-05,,,,#GC-1004-DV,2026-10-04T22:31:11.650660+00:00,CON.F.US.GCE.Z26,Asia,2.22,lab (not sent),WIN,0.073,0.073,4.5,0.351,0.434,77055,2026-10-05T19:55:27.570749+00:00,lab,open_call:setup_off
25acad95f1,2026-10-04T22:31:11.657270+00:00,GC,4h,EMA21_PULLBACK_BEAR,SHORT,4172.1,4237.5412,4035.0,2.1,swing_level_sweet,-10,6,REJECT,,,41.67,36.4706,21.25,MIXED,22,0.38,0,CLOSED,WIN,5,4167.6,6,,2026-10-05,,,,#GC-1004-T8,2026-10-04T22:31:11.657270+00:00,CON.F.US.GCE.Z26,Asia,2.1,lab (not sent),WIN,0.069,0.069,4.5,0.332,0.41,77056,2026-10-05T19:55:27.838461+00:00,lab,open_call:conviction
4fe7dcf6e5,2026-10-04T22:31:11.662383+00:00,GC,4h,RSI_DIV_BULL,LONG,4172.1,4139.2117,4251.1,2.4,swing_level_sweet,-10,3,REJECT,,,41.67,36.4706,21.25,MIXED,22,0.38,0,CLOSED,LOSS,5,4167.6,3,,2026-10-05,,,,#GC-1004-BS,2026-10-04T22:31:11.662383+00:00,CON.F.US.GCE.Z26,Asia,2.4,lab (not sent),LOSS,-0.137,-0.137,-4.5,0.815,0.66,77056,2026-10-05T19:55:28.096738+00:00,lab,open_call:conviction
c1793c170b,2026-10-04T22:52:17.814732+00:00,NQ,1h,BREAK_RETEST_BULL,LONG,31162.25,31110.5927,31282.5,2.33,swing_level_sweet,10,63,HIGH,,,63.77,102.2682,16.84,MIXED,22,0.22,0,CLOSED,LOSS,4,31110.5927,63,,2026-10-05,,,,#NQ-1004-7T,2026-10-04T22:52:17.814732+00:00,CON.F.US.ENQ.Z26,Asia,2.33,lab (not sent),LOSS,-1.0,-1.0,-51.6573,1.142,1.026,14803,2026-10-05T02:59:01.701207+00:00,lab,open_call
3c04ce9dea,2026-10-04T22:52:17.919483+00:00,GC,4h,STOCH_REVERSAL_BULL,LONG,4175.7,4150.2823,4230.0,2.14,swing_level_sweet,-10,11,REJECT,,,42.58,35.0442,20.94,MIXED,22,0.15,0,CLOSED,LOSS,5,4167.6,11,,2026-10-05,,,,#GC-1004-PF,2026-10-04T22:52:17.919483+00:00,CON.F.US.GCE.Z26,Asia,2.14,lab (not sent),LOSS,-0.319,-0.319,-8.1,0.913,0.995,75790,2026-10-05T19:55:28.373833+00:00,lab,open_call:conviction
54b0561525,2026-10-04T23:23:22.928081+00:00,NQ,1h,BREAK_RETEST_BULL,LONG,31150.5,31111.7432,31282.5,3.41,swing_level,10,63,HIGH,,,62.67,96.8919,17.21,MIXED,23,0.09,0,CLOSED,LOSS,3,31111.7432,63,,2026-10-05,,,,#NQ-1004-D5,2026-10-04T23:23:22.928081+00:00,CON.F.US.ENQ.Z26,Asia,3.41,lab (not sent),LOSS,-1.0,-1.0,-38.7568,1.825,1.064,12938,2026-10-05T02:59:01.894095+00:00,lab,open_call
b9ed18e30a,2026-10-04T23:23:23.036897+00:00,GC,4h,STOCH_REVERSAL_BULL,LONG,4173.0,4150.2795,4230.0,2.51,swing_level_sweet,-10,11,REJECT,,,41.9,35.0513,20.94,MIXED,23,0.17,0,CLOSED,LOSS,5,4167.6,11,,2026-10-05,,,,#GC-1004-PX,2026-10-04T23:23:23.036897+00:00,CON.F.US.GCE.Z26,Asia,2.51,lab (not sent),LOSS,-0.238,-0.238,-5.4,1.14,0.995,73925,2026-10-05T19:55:28.639184+00:00,lab,open_call:conviction
02bc96cfa3,2026-10-04T23:47:33.440413+00:00,NQ,1h,VWAP_BOUNCE_BULL,LONG,31144.25,31039.6216,31282.5,1.32,swing_level,10,55,MEDIUM,,,62.04,96.8919,17.21,MIXED,23,0.15,0,CLOSED,LOSS,4,31039.6216,55,,2026-10-05,,,,#NQ-1004-RX,2026-10-04T23:47:33.440413+00:00,CON.F.US.ENQ.Z26,Asia,1.32,lab (not sent),LOSS,-1.0,-1.0,-104.6284,0.736,1.047,17512,2026-10-05T04:39:25.897379+00:00,lab,open_call:rr_too_low
967a508afa,2026-10-05T00:07:40.551841+00:00,NQ,15m,VWAP_BOUNCE_BULL,LONG,31151.0,31112.3093,31282.5,3.4,swing_level,10,55,MEDIUM,,,61.18,38.4534,16.32,MIXED,0,0.38,0,CLOSED,LOSS,11,31112.3093,55,,2026-10-05,,,,#NQ-1004-MF,2026-10-05T00:07:40.551841+00:00,CON.F.US.ENQ.Z26,Asia,3.4,lab (not sent),LOSS,-1.0,-1.0,-38.6907,1.816,1.079,10281,2026-10-05T02:59:02.099045+00:00,lab,open_call
d867c76a5c,2026-10-05T00:07:40.684574+00:00,GC,4h,STOCH_REVERSAL_BULL,LONG,4177.2,4150.2195,4251.1,2.74,swing_level_sweet,-10,11,REJECT,,,42.94,35.2013,20.94,MIXED,0,0.21,0,CLOSED,LOSS,4,4167.6,11,,2026-10-05,,,,#GC-1004-2G,2026-10-05T00:07:40.684574+00:00,CON.F.US.GCE.Z26,Asia,2.74,lab (not sent),LOSS,-0.356,-0.356,-9.6,0.804,0.993,71268,2026-10-05T19:55:29.024513+00:00,lab,open_call:conviction
e1950587fa,2026-10-05T00:17:41.759180+00:00,NQ,1h,VWAP_BOUNCE_BULL,LONG,31172.0,31100.7104,31282.5,1.55,swing_level,10,55,MEDIUM,,,63.87,96.4481,17.8,MIXED,0,0.15,0,CLOSED,LOSS,2,31100.7104,55,,2026-10-05,,,,#NQ-1004-QF,2026-10-05T00:17:41.759180+00:00,CON.F.US.ENQ.Z26,Asia,1.55,lab (not sent),LOSS,-1.0,-1.0,-71.2896,0.691,1.013,9801,2026-10-05T03:01:03.440799+00:00,lab,open_call:rr_too_low
035f2c8e84,2026-10-05T00:27:42.808816+00:00,GC,4h,VWAP_BOUNCE_BULL,LONG,4184.3,4157.1497,4251.1,2.46,swing_level_sweet,-10,56,MEDIUM,,,44.62,35.7513,20.46,MIXED,0,0.27,0,CLOSED,LOSS,1,4157.1497,56,,2026-10-05,,,,#GC-1004-WF,2026-10-05T00:27:42.808816+00:00,CON.F.US.GCE.Z26,Asia,2.46,lab (not sent),LOSS,-1.0,-1.0,-27.1503,0.247,1.179,14861,2026-10-05T04:35:24.635179+00:00,lab,open_call:conviction
32b4bd1e4f,2026-10-05T00:41:45.017531+00:00,GC,4h,STOCH_REVERSAL_BULL,LONG,4180.5,4149.9995,4251.1,2.31,swing_level_sweet,-10,11,REJECT,,,43.74,35.7513,20.46,MIXED,0,0.29,0,CLOSED,LOSS,4,4167.6,11,,2026-10-05,,,,#GC-1004-U5,2026-10-05T00:41:45.017531+00:00,CON.F.US.GCE.Z26,Asia,2.31,lab (not sent),LOSS,-0.423,-0.423,-12.9,0.603,0.987,69224,2026-10-05T19:55:29.288039+00:00,lab,open_call:conviction
94110ec63f,2026-10-05T01:05:48.573061+00:00,GC,1h,VWAP_BOUNCE_BULL,LONG,4189.0,4167.2591,4251.1,2.86,swing_level_sweet,-10,56,MEDIUM,,,49.22,17.7046,10.91,MIXED,1,0.06,0,CLOSED,LOSS,2,4167.2591,56,,2026-10-05,,,,#GC-1004-D7,2026-10-05T01:05:48.573061+00:00,CON.F.US.GCE.Z26,Asia,2.86,lab (not sent),LOSS,-1.0,-1.0,-21.7409,0.092,1.15,7577,2026-10-05T03:12:05.628521+00:00,lab,open_call:conviction
4da973f036,2026-10-05T01:15:49.533262+00:00,GC,4h,STOCH_REVERSAL_BULL,LONG,4185.0,4149.8966,4276.2,2.6,swing_level_sweet,-10,11,REJECT,,,44.78,36.0085,20.31,MIXED,1,0.35,0,CLOSED,LOSS,4,4167.6,11,,2026-10-05,,,,#GC-1004-EJ,2026-10-05T01:15:49.533262+00:00,CON.F.US.GCE.Z26,Asia,2.6,lab (not sent),LOSS,-0.496,-0.496,-17.4,0.396,0.986,67180,2026-10-05T19:55:29.548456+00:00,lab,open_call:conviction
7bf7cae579,2026-10-05T01:35:51.596594+00:00,GC,4h,VWAP_BOUNCE_BULL,LONG,4181.3,4157.0983,4230.0,2.01,swing_level_sweet,-10,56,MEDIUM,,,43.92,36.0085,20.31,MIXED,1,0.39,0,CLOSED,LOSS,0,4157.0983,56,,2026-10-05,,,,#GC-1004-QP,2026-10-05T01:35:51.596594+00:00,CON.F.US.GCE.Z26,Asia,2.01,lab (not sent),LOSS,-1.0,-1.0,-24.2017,0.401,1.198,10773,2026-10-05T04:35:24.817577+00:00,lab,open_call:conviction
c70d7b83a5,2026-10-05T01:45:52.806894+00:00,GC,4h,STOCH_REVERSAL_BULL,LONG,4181.9,4149.8966,4251.1,2.16,swing_level_sweet,-10,11,REJECT,,,44.06,36.0085,20.31,MIXED,1,0.4,0,CLOSED,LOSS,4,4167.6,11,,2026-10-05,,,,#GC-1004-CR,2026-10-05T01:45:52.806894+00:00,CON.F.US.GCE.Z26,Asia,2.16,lab (not sent),LOSS,-0.447,-0.447,-14.3,0.531,0.984,65377,2026-10-05T19:55:29.823464+00:00,lab,open_call:conviction
531286904b,2026-10-05T02:25:57.303386+00:00,GC,4h,VWAP_BOUNCE_BULL,LONG,4188.5,4153.2084,4276.2,2.49,swing_level_sweet,-10,56,MEDIUM,,,45.57,33.9579,19.4,MIXED,2,0.07,0,CLOSED,LOSS,0,4153.2084,56,,2026-10-05,,,,#GC-1004-ZJ,2026-10-05T02:25:57.303386+00:00,CON.F.US.GCE.Z26,Asia,2.49,lab (not sent),LOSS,-1.0,-1.0,-35.2916,0.0,1.026,7767,2026-10-05T04:35:25.003679+00:00,lab,open_call:conviction
485aeb1659,2026-10-05T02:56:00.468901+00:00,GC,4h,VWAP_REJECT_BEAR,SHORT,4169.9,4197.0159,4106.0,2.36,swing_level_sweet,-10,14,REJECT,,,42.11,35.0793,19.4,MIXED,2,0.17,0,CLOSED,LOSS,1,4197.0159,14,,2026-10-05,,,,#GC-1004-JR,2026-10-05T02:56:00.468901+00:00,CON.F.US.GCE.Z26,Asia,2.36,lab (not sent),LOSS,-1.0,-1.0,-27.1159,0.649,1.069,19248,2026-10-05T08:16:49.398197+00:00,lab,open_call:setup_off
87133a0d5a,2026-10-05T03:12:05.873237+00:00,GC,4h,EMA21_PULLBACK_BEAR,SHORT,4166.0,4208.8246,4074.0,2.15,swing_level_sweet,-10,6,REJECT,,,41.46,35.365,19.4,MIXED,3,0.27,0,CLOSED,LOSS,4,4167.6,6,,2026-10-05,,,,#GC-1004-TH,2026-10-05T03:12:05.873237+00:00,CON.F.US.GCE.Z26,Asia,2.15,lab (not sent),LOSS,-0.037,-0.037,-1.6,0.364,0.768,60204,2026-10-05T19:55:30.091226+00:00,lab,open_call:conviction
654417c463,2026-10-05T03:35:09.435682+00:00,GC,4h,VWAP_REJECT_BEAR,SHORT,4171.9,4197.073,4106.0,2.62,swing_level_sweet,-10,14,REJECT,,,42.46,35.365,19.4,MIXED,3,0.35,0,CLOSED,LOSS,1,4197.073,14,,2026-10-05,,,,#GC-1004-8P,2026-10-05T03:35:09.435682+00:00,CON.F.US.GCE.Z26,Asia,2.62,lab (not sent),LOSS,-1.0,-1.0,-25.173,0.779,1.073,16900,2026-10-05T08:16:49.606745+00:00,lab,open_call:setup_off
f580205174,2026-10-05T04:05:20.707160+00:00,GC,4h,VWAP_REJECT_BEAR,SHORT,4167.5,4197.073,4106.0,2.08,swing_level_sweet,-10,14,REJECT,,,41.71,35.365,19.4,MIXED,4,0.4,0,CLOSED,LOSS,1,4197.073,14,,2026-10-05,,,,#GC-1005-BP,2026-10-05T04:05:20.707160+00:00,CON.F.US.GCE.Z26,Asia,2.08,lab (not sent),LOSS,-1.0,-1.0,-29.573,0.514,1.062,15089,2026-10-05T08:16:49.815705+00:00,lab,open_call:setup_off
fcf402e4ea,2026-10-05T04:05:20.715164+00:00,GC,4h,EMA21_PULLBACK_BEAR,SHORT,4167.5,4208.961,4081.8,2.07,swing_level_sweet,-10,6,REJECT,,,41.71,35.365,19.4,MIXED,4,0.4,0,CLOSED,LOSS,3,4167.6,6,,2026-10-05,,,,#GC-1005-K9,2026-10-05T04:05:20.715164+00:00,CON.F.US.GCE.Z26,Asia,2.07,lab (not sent),LOSS,-0.002,-0.002,-0.1,0.412,0.757,57009,2026-10-05T19:55:30.358880+00:00,lab,open_call:conviction
17d533850c,2026-10-05T04:35:25.230560+00:00,GC,4h,VWAP_REJECT_BEAR,SHORT,4157.3,4197.2401,4074.0,2.09,swing_level_sweet,-10,14,REJECT,,,40.06,36.2007,19.72,MIXED,4,0.51,0,CLOSED,LOSS,0,4197.2401,14,,2026-10-05,,,,#GC-1005-V7,2026-10-05T04:35:25.230560+00:00,CON.F.US.GCE.Z26,Asia,2.09,lab (not sent),LOSS,-1.0,-1.0,-39.9401,0.0,1.042,13284,2026-10-05T08:16:50.023692+00:00,lab,open_call:setup_off
71649de418,2026-10-05T04:35:25.238498+00:00,GC,4h,EMA21_PULLBACK_BEAR,SHORT,4157.3,4208.2844,4053.9,2.03,swing_level_sweet,-10,6,REJECT,,,40.06,36.2007,19.72,MIXED,4,0.51,0,CLOSED,LOSS,3,4167.6,6,,2026-10-05,,,,#GC-1005-T8,2026-10-05T04:35:25.238498+00:00,CON.F.US.GCE.Z26,Asia,2.03,lab (not sent),LOSS,-0.202,-0.202,-10.3,0.135,0.816,55205,2026-10-05T19:55:30.639443+00:00,lab,open_call:conviction
46624e1203,2026-10-05T04:39:26.124600+00:00,NQ,15m,STOCH_REVERSAL_BULL,LONG,31067.0,31041.4326,31151.5,3.3,swing_level,10,40,REJECT,,,38.44,35.7934,22.28,MIXED,4,0.84,0,CLOSED,LOSS,3,31041.4326,40,,2026-10-05,,,,#NQ-1005-SP,2026-10-05T04:39:26.124600+00:00,CON.F.US.ENQ.Z26,Asia,3.3,lab (not sent),LOSS,-1.0,-1.0,-25.5674,0.919,1.134,2887,2026-10-05T05:27:33.396989+00:00,lab,conviction
6d89cf3bae,2026-10-05T04:47:28.732403+00:00,NQ,15m,BB_REVERSION_BULL,LONG,31081.25,31024.3718,31221.25,2.46,swing_level_sweet,10,26,REJECT,,,42.05,34.5939,23.23,MIXED,4,0.11,0,CLOSED,LOSS,3,31024.3718,26,,2026-10-05,,,,#NQ-1005-M9,2026-10-05T04:47:28.732403+00:00,CON.F.US.ENQ.Z26,Asia,2.46,lab (not sent),LOSS,-1.0,-1.0,-56.8782,0.066,1.055,3006,2026-10-05T05:37:35.201729+00:00,lab,conviction
6bcd8b633c,2026-10-05T05:07:30.959760+00:00,GC,4h,VWAP_REJECT_BEAR,SHORT,4163.0,4197.2401,4092.0,2.07,swing_level_sweet,-10,14,REJECT,,,40.96,36.2007,19.72,MIXED,5,0.57,0,CLOSED,LOSS,0,4197.2401,14,,2026-10-05,,,,#GC-1005-UC,2026-10-05T05:07:30.959760+00:00,CON.F.US.GCE.Z26,Asia,2.07,lab (not sent),LOSS,-1.0,-1.0,-34.2401,0.158,1.048,11359,2026-10-05T08:16:50.236642+00:00,lab,open_call:setup_off
ea236e0576,2026-10-05T05:07:30.968185+00:00,GC,4h,EMA21_PULLBACK_BEAR,SHORT,4163.0,4208.8026,4053.9,2.38,swing_level_sweet,-10,6,REJECT,,,40.96,36.2007,19.72,MIXED,5,0.57,0,CLOSED,LOSS,3,4167.6,6,,2026-10-05,,,,#GC-1005-8R,2026-10-05T05:07:30.968185+00:00,CON.F.US.GCE.Z26,Asia,2.38,lab (not sent),LOSS,-0.1,-0.1,-4.6,0.275,0.784,53279,2026-10-05T19:55:30.924523+00:00,lab,open_call:conviction
427e0f085c,2026-10-05T05:37:35.535264+00:00,GC,4h,VWAP_REJECT_BEAR,SHORT,4165.4,4197.2401,4092.0,2.31,swing_level_sweet,-10,14,REJECT,,,41.36,36.2007,19.72,MIXED,5,0.65,0,CLOSED,LOSS,0,4197.2401,14,,2026-10-05,,,,#GC-1005-2U,2026-10-05T05:37:35.535264+00:00,CON.F.US.GCE.Z26,Asia,2.31,lab (not sent),LOSS,-1.0,-1.0,-31.8401,0.245,1.052,9554,2026-10-05T08:16:50.444899+00:00,lab,open_call:setup_off
f4cc1bb61a,2026-10-05T05:37:35.541891+00:00,GC,4h,EMA21_PULLBACK_BEAR,SHORT,4165.4,4209.0208,4074.0,2.1,swing_level_sweet,-10,6,REJECT,,,41.36,36.2007,19.72,MIXED,5,0.65,0,CLOSED,LOSS,3,4167.6,6,,2026-10-05,,,,#GC-1005-JM,2026-10-05T05:37:35.541891+00:00,CON.F.US.GCE.Z26,Asia,2.1,lab (not sent),LOSS,-0.05,-0.05,-2.2,0.344,0.768,51475,2026-10-05T19:55:31.199110+00:00,lab,open_call:conviction
43878d37a0,2026-10-05T06:04:40.196897+00:00,BTC,1h,EMA21_PULLBACK_BULL,LONG,85852.0,85281.107,87282.81,2.51,swing_level_sweet,10,26,REJECT,,,54.32,342.0435,32.78,HH_HL,6,0.07,0,CLOSED,LOSS,9,85281.107,26,,2026-10-05,,,,#BTC-1005-S3,2026-10-05T06:04:40.196897+00:00,BTC/USD,London,2.51,lab (not sent),LOSS,-1.0,-1.0,-570.893,1.517,1.137,34258,2026-10-05T15:35:38.625198+00:00,lab,crypto_dead_zone:conviction
f516fb51ee,2026-10-05T06:07:42.362890+00:00,GC,4h,VWAP_BOUNCE_BULL,LONG,4173.5,4145.3827,4230.0,2.01,swing_level_sweet,-10,56,MEDIUM,,,43.53,34.5864,19.17,MIXED,6,0.05,0,CLOSED,LOSS,3,4167.6,56,,2026-10-05,,,,#GC-1005-P2,2026-10-05T06:07:42.362890+00:00,CON.F.US.GCE.Z26,London,2.01,lab (not sent),LOSS,-0.21,-0.21,-5.9,0.903,0.822,49669,2026-10-05T19:55:31.473011+00:00,lab,open_call:conviction
095cb3390c,2026-10-05T06:12:46.203879+00:00,BTC,1h,EMA21_PULLBACK_BULL,LONG,85867.8,85281.107,87249.05,2.35,swing_level_sweet,10,26,REJECT,,,54.62,342.0435,32.78,HH_HL,6,0.12,0,CLOSED,LOSS,9,85281.107,26,,2026-10-05,,,,#BTC-1005-YK,2026-10-05T06:12:46.203879+00:00,BTC/USD,London,2.35,lab (not sent),LOSS,-1.0,-1.0,-586.693,1.449,1.133,33772,2026-10-05T15:35:38.891059+00:00,lab,crypto_dead_zone:rr_too_low
fb4295a53e,2026-10-05T06:32:01.082103+00:00,NQ,15m,BREAK_RETEST_BEAR,SHORT,31036.75,31052.9374,30994.75,2.59,swing_level_sweet,7,18,REJECT,,,37.81,33.5934,25.49,LH_LL,6,0.19,0,CLOSED,LOSS,2,31052.9374,18,,2026-10-05,,,,#NQ-1005-6X,2026-10-05T06:32:01.082103+00:00,CON.F.US.ENQ.Z26,London,2.59,lab (not sent),LOSS,-1.0,-1.0,-16.1874,1.884,1.39,2426,2026-10-05T07:12:27.939741+00:00,lab,conviction
dcb8262751,2026-10-05T06:35:03.728009+00:00,NQ,15m,BREAK_RETEST_BEAR,SHORT,31031.0,31053.0159,30994.75,1.65,swing_level,7,18,REJECT,,,36.72,33.7898,25.49,LH_LL,6,0.31,0,CLOSED,LOSS,2,31053.0159,18,,2026-10-05,,,,#NQ-1005-CS,2026-10-05T06:35:03.728009+00:00,CON.F.US.ENQ.Z26,London,1.65,lab (not sent),LOSS,-1.0,-1.0,-22.0159,1.124,1.283,2244,2026-10-05T07:12:28.139631+00:00,lab,rr_too_low
57bf82cf2a,2026-10-05T06:35:03.982255+00:00,BTC,1h,EMA21_PULLBACK_BULL,LONG,85831.63,85277.996,87249.05,2.56,swing_level_sweet,10,26,REJECT,,,53.93,352.4135,33.15,HH_HL,6,0.62,0,CLOSED,LOSS,9,85277.996,26,,2026-10-05,,,,#BTC-1005-49,2026-10-05T06:35:03.982255+00:00,BTC/USD,London,2.56,lab (not sent),LOSS,-1.0,-1.0,-553.634,1.601,1.136,32435,2026-10-05T15:35:39.161342+00:00,lab,crypto_dead_zone:conviction
1d31ea410d,2026-10-05T06:47:14.039287+00:00,BTC,1h,EMA21_PULLBACK_BULL,LONG,85905.76,85277.996,87249.05,2.14,swing_level_sweet,10,26,REJECT,,,55.33,352.4135,33.15,HH_HL,6,0.75,0,CLOSED,LOSS,8,85277.996,26,,2026-10-05,,,,#BTC-1005-XM,2026-10-05T06:47:14.039287+00:00,BTC/USD,London,2.14,lab (not sent),LOSS,-1.0,-1.0,-627.764,1.294,1.12,31705,2026-10-05T15:35:39.401919+00:00,lab,crypto_dead_zone:rr_too_low
2337fd2ef3,2026-10-05T06:50:16.528727+00:00,BTC,15m,MACD_CROSS_BULL,LONG,86149.82,85702.4695,87249.05,2.46,swing_level_sweet,10,32,REJECT,,,54.57,226.5349,32.81,HH_HL,6,1.13,0,CLOSED,LOSS,31,85702.4695,32,,2026-10-05,,,,#BTC-1005-Y8,2026-10-05T06:50:16.528727+00:00,BTC/USD,London,2.46,lab (not sent),LOSS,-1.0,-1.0,-447.3505,1.27,1.623,28021,2026-10-05T14:37:18.132505+00:00,lab,crypto_dead_zone:rr_too_low
8aba70720b,2026-10-05T06:53:18.674038+00:00,BTC,15m,MACD_CROSS_BULL,LONG,86135.19,85702.4695,87249.05,2.57,swing_level_sweet,10,32,REJECT,,,54.2,226.5349,32.81,HH_HL,6,1.35,0,CLOSED,LOSS,30,85702.4695,32,,2026-10-05,,,,#BTC-1005-34,2026-10-05T06:53:18.674038+00:00,BTC/USD,London,2.57,lab (not sent),LOSS,-1.0,-1.0,-432.7205,1.346,1.644,27839,2026-10-05T14:37:18.485800+00:00,lab,crypto_dead_zone:conviction
49f8da5f51,2026-10-05T06:56:20.970811+00:00,BTC,15m,VWAP_BOUNCE_BULL,LONG,86242.4,85722.5737,86792.81,1.06,swing_level,10,19,REJECT,,,56.83,239.2813,33.49,HH_HL,6,1.78,0,CLOSED,LOSS,30,85722.5737,19,,2026-10-05,,,,#BTC-1005-9W,2026-10-05T06:56:20.970811+00:00,BTC/USD,London,1.06,lab (not sent),LOSS,-1.0,-1.0,-519.8263,0.915,1.575,27657,2026-10-05T14:37:18.747151+00:00,lab,crypto_dead_zone:rr_too_low
8c9ffffa53,2026-10-05T07:02:25.944450+00:00,NQ,15m,BREAK_RETEST_BEAR,SHORT,31030.75,31048.4394,30994.75,2.04,swing_level_sweet,7,18,REJECT,,,39.47,34.2235,26.15,LH_LL,7,0.28,0,CLOSED,LOSS,0,31048.4394,18,,2026-10-05,,,,#NQ-1005-Q3,2026-10-05T07:02:25.944450+00:00,CON.F.US.ENQ.Z26,London,2.04,lab (not sent),LOSS,-1.0,-1.0,-17.6894,0.0,1.018,300,2026-10-05T07:07:26.616801+00:00,lab,conviction
4772fc50a3,2026-10-05T07:21:30.709400+00:00,BTC,1h,EMA21_PULLBACK_BULL,LONG,86240.74,85627.6388,86885.28,1.05,swing_level,10,26,REJECT,,,60.74,372.8038,33.13,HH_HL,7,0.98,0,CLOSED,LOSS,7,85627.6388,26,,2026-10-05,,,,#BTC-1005-KF,2026-10-05T07:21:30.709400+00:00,BTC/USD,London,1.05,lab (not sent),LOSS,-1.0,-1.0,-613.1012,0.778,1.332,26148,2026-10-05T14:37:19.001079+00:00,lab,crypto_dead_zone:rr_too_low
9acbe4075a,2026-10-05T07:30:32.967074+00:00,BTC,1h,VWAP_BOUNCE_BULL,LONG,86280.26,85664.7392,86996.0,1.16,swing_level,10,19,REJECT,,,61.33,373.7038,33.13,HH_HL,7,1.06,0,CLOSED,LOSS,7,85664.7392,19,,2026-10-05,,,,#BTC-1005-7C,2026-10-05T07:30:32.967074+00:00,BTC/USD,London,1.16,lab (not sent),LOSS,-1.0,-1.0,-615.5208,0.711,1.391,25606,2026-10-05T14:37:19.250175+00:00,lab,crypto_dead_zone:rr_too_low
722fd38d4b,2026-10-05T07:52:43.822596+00:00,BTC,1h,EMA21_PULLBACK_BULL,LONG,86267.67,85627.3688,86996.0,1.14,swing_level,10,26,REJECT,,,61.14,373.7038,33.13,HH_HL,7,1.33,0,CLOSED,LOSS,6,85627.3688,26,,2026-10-05,,,,#BTC-1005-RP,2026-10-05T07:52:43.822596+00:00,BTC/USD,London,1.14,lab (not sent),LOSS,-1.0,-1.0,-640.3012,0.703,1.318,24275,2026-10-05T14:37:19.501922+00:00,lab,crypto_dead_zone:rr_too_low
e070f477a8,2026-10-05T08:36:54.140430+00:00,NQ,15m,VWAP_REJECT_BEAR,SHORT,31022.75,31106.7754,30839.5,2.18,swing_level_sweet,8,26,REJECT,,,40.15,37.6271,20.18,LH_LL,8,1.16,0,CLOSED,LOSS,19,31106.7754,26,,2026-10-05,,,,#NQ-1005-BV,2026-10-05T08:36:54.140430+00:00,CON.F.US.ENQ.Z26,London,2.18,lab (not sent),LOSS,-1.0,-1.0,-84.0254,0.777,1.604,17855,2026-10-05T13:34:29.609433+00:00,lab,setup_off
6914e80650,2026-10-05T08:44:56.412581+00:00,NQ,15m,BREAK_RETEST_BEAR,SHORT,31008.75,31036.4508,30913.25,3.45,swing_level,8,18,REJECT,,,38.09,38.6271,20.58,LH_LL,8,1.98,0,CLOSED,LOSS,0,31036.4508,18,,2026-10-05,,,,#NQ-1005-P9,2026-10-05T08:44:56.412581+00:00,CON.F.US.ENQ.Z26,London,3.45,lab (not sent),LOSS,-1.0,-1.0,-27.7008,1.227,1.218,542,2026-10-05T08:53:58.550565+00:00,lab,conviction
b258746d71,2026-10-05T08:57:59.655747+00:00,NQ,15m,BREAK_RETEST_BEAR,SHORT,31017.75,31037.4023,30994.75,1.17,swing_level,7,18,REJECT,,,40.6,41.0058,21.24,LH_LL,8,2.08,0,CLOSED,LOSS,0,31037.4023,18,,2026-10-05,,,,#NQ-1005-TX,2026-10-05T08:57:59.655747+00:00,CON.F.US.ENQ.Z26,London,1.17,lab (not sent),LOSS,-1.0,-1.0,-19.6523,0.0,1.234,783,2026-10-05T09:11:03.065736+00:00,lab,rr_too_low
33d1be4d14,2026-10-05T09:25:06.563456+00:00,NQ,15m,MACD_CROSS_BEAR,SHORT,31018.25,31053.4294,30913.25,2.98,swing_level_sweet,7,27,REJECT,,,41.23,38.0981,22.27,LH_LL,9,0.28,0,CLOSED,LOSS,8,31053.4294,27,,2026-10-05,,,,#NQ-1005-NH,2026-10-05T09:25:06.563456+00:00,CON.F.US.ENQ.Z26,London,2.98,lab (not sent),LOSS,-1.0,-1.0,-35.1794,1.727,1.478,7525,2026-10-05T11:30:32.526431+00:00,lab,conviction
09f210a4b6,2026-10-05T09:52:12.510971+00:00,NQ,15m,BREAK_RETEST_BEAR,SHORT,30995.75,31019.7164,30913.25,3.44,swing_level,7,18,REJECT,,,39.38,39.916,25.83,LH_LL,9,0.53,0,CLOSED,LOSS,4,31019.7164,18,,2026-10-05,,,,#NQ-1005-XK,2026-10-05T09:52:12.510971+00:00,CON.F.US.ENQ.Z26,London,3.44,lab (not sent),LOSS,-1.0,-1.0,-23.9664,1.492,2.128,3912,2026-10-05T10:57:24.636417+00:00,lab,conviction
989833c4c3,2026-10-05T10:07:15.250380+00:00,BTC,1h,EMA21_PULLBACK_BULL,LONG,86061.24,85618.2305,87249.05,2.68,swing_level_sweet,10,26,REJECT,,,55.96,369.1746,28.91,HH_HL,10,0.08,0,CLOSED,LOSS,4,85618.2305,26,,2026-10-05,,,,#BTC-1005-BH,2026-10-05T10:07:15.250380+00:00,BTC/USD,London,2.68,lab (not sent),LOSS,-1.0,-1.0,-443.0095,1.482,1.439,16204,2026-10-05T14:37:19.749845+00:00,lab,conviction
6199073d9d,2026-10-05T10:22:18.086463+00:00,NQ,15m,BREAK_RETEST_BEAR,SHORT,30989.0,31018.519,30913.25,2.57,swing_level_sweet,7,18,REJECT,,,38.14,36.9224,28.53,LH_LL,10,0.26,0,CLOSED,LOSS,2,31018.519,18,,2026-10-05,,,,#NQ-1005-Y2,2026-10-05T10:22:18.086463+00:00,CON.F.US.ENQ.Z26,London,2.57,lab (not sent),LOSS,-1.0,-1.0,-29.519,0.982,1.956,2106,2026-10-05T10:57:24.878237+00:00,lab,conviction
c2523bee8f,2026-10-05T10:27:19.530490+00:00,BTC,1h,EMA21_PULLBACK_BULL,LONG,86122.68,85617.7267,87249.05,2.23,swing_level_sweet,10,26,REJECT,,,57.06,375.511,28.91,HH_HL,10,0.54,0,CLOSED,LOSS,4,85617.7267,26,,2026-10-05,,,,#BTC-1005-2G,2026-10-05T10:27:19.530490+00:00,BTC/USD,London,2.23,lab (not sent),LOSS,-1.0,-1.0,-504.9533,1.179,1.384,15000,2026-10-05T14:37:20.002307+00:00,lab,rr_too_low
b6b5fbdc3a,2026-10-05T10:37:21.113530+00:00,BTC,1h,EMA21_PULLBACK_BULL,LONG,86086.75,85617.7267,87282.81,2.55,swing_level_sweet,10,26,REJECT,,,56.42,375.511,28.91,HH_HL,10,0.82,0,CLOSED,LOSS,3,85617.7267,26,,2026-10-05,,,,#BTC-1005-D2,2026-10-05T10:37:21.113530+00:00,BTC/USD,London,2.55,lab (not sent),LOSS,-1.0,-1.0,-469.0233,1.345,1.413,14399,2026-10-05T14:37:20.271564+00:00,lab,conviction
cfee275d09,2026-10-05T10:57:25.362319+00:00,BTC,1h,EMA21_PULLBACK_BULL,LONG,86134.3,85616.772,87249.05,2.15,swing_level_sweet,10,26,REJECT,,,57.26,378.6932,28.91,HH_HL,10,1.14,0,CLOSED,LOSS,3,85616.772,26,,2026-10-05,,,,#BTC-1005-5N,2026-10-05T10:57:25.362319+00:00,BTC/USD,London,2.15,lab (not sent),LOSS,-1.0,-1.0,-517.528,1.128,1.373,13195,2026-10-05T14:37:20.557639+00:00,lab,rr_too_low
bb1553d428,2026-10-05T11:05:27.474107+00:00,NQ,15m,BREAK_RETEST_BEAR,SHORT,30997.25,31018.8886,30957.5,1.84,swing_level,7,18,REJECT,,,43.1,39.7215,27.18,LH_LL,11,0.66,0,CLOSED,LOSS,1,31018.8886,18,,2026-10-05,,,,#NQ-1005-AM,2026-10-05T11:05:27.474107+00:00,CON.F.US.ENQ.Z26,London,1.84,lab (not sent),LOSS,-1.0,-1.0,-21.6386,0.069,1.282,902,2026-10-05T11:20:29.945477+00:00,lab,rr_too_low
a0105f391a,2026-10-05T11:10:28.089380+00:00,NQ,15m,BREAK_RETEST_BEAR,SHORT,30990.25,31018.8886,30913.25,2.69,swing_level_sweet,7,18,REJECT,,,42.04,39.7215,27.18,LH_LL,11,0.87,0,CLOSED,LOSS,0,31018.8886,18,,2026-10-05,,,,#NQ-1005-WV,2026-10-05T11:10:28.089380+00:00,CON.F.US.ENQ.Z26,London,2.69,lab (not sent),LOSS,-1.0,-1.0,-28.6386,0.0,1.213,602,2026-10-05T11:20:30.199824+00:00,lab,conviction
eb72869e41,2026-10-05T13:20:22.726944+00:00,BTC,1h,EMA21_PULLBACK_BULL,LONG,86148.71,85698.8901,87249.05,2.45,swing_level_sweet,10,26,REJECT,,,56.12,374.8499,24.76,HH_HL,13,0.34,0,CLOSED,LOSS,1,85698.8901,26,,2026-10-05,,,,#BTC-1005-TY,2026-10-05T13:20:22.726944+00:00,BTC/USD,NY pre,2.45,lab (not sent),LOSS,-1.0,-1.0,-449.8199,1.265,1.611,4618,2026-10-05T14:37:20.822210+00:00,lab,rr_too_low
da5b01d24e,2026-10-05T13:46:37.015400+00:00,NQ,15m,STOCH_REVERSAL_BEAR,SHORT,31174.5,31232.1167,31003.75,2.96,swing_level_sweet,8,26,REJECT,,,65.67,51.5417,22.01,LH_LL,13,1.27,0,CLOSED,LOSS,2,31232.1167,26,,2026-10-05,,,,#NQ-1005-J6,2026-10-05T13:46:37.015400+00:00,CON.F.US.ENQ.Z26,NY open,2.96,lab (not sent),LOSS,-1.0,-1.0,-57.6167,1.033,1.093,2191,2026-10-05T14:23:08.361810+00:00,lab,conviction
3b6b094d52,2026-10-05T13:49:39.071277+00:00,BTC,15m,VWAP_BOUNCE_BULL,LONG,86343.3,85740.5399,86996.0,1.08,swing_level,10,19,REJECT,,,58.01,242.3506,12.44,HH_HL,13,2.16,0,CLOSED,LOSS,3,85740.5399,19,,2026-10-05,,,,#BTC-1005-88,2026-10-05T13:49:39.071277+00:00,BTC/USD,NY open,1.08,lab (not sent),LOSS,-1.0,-1.0,-602.7601,0.621,1.525,2862,2026-10-05T14:37:21.073141+00:00,lab,rr_too_low
ff9bba6964,2026-10-05T13:50:39.808728+00:00,BTC,1h,EMA21_PULLBACK_BULL,LONG,86343.3,85698.4203,86996.0,1.01,swing_level,10,26,REJECT,,,59.15,395.3656,25.32,HH_HL,13,2.15,0,CLOSED,LOSS,0,85698.4203,26,,2026-10-05,,,,#BTC-1005-TH,2026-10-05T13:50:39.808728+00:00,BTC/USD,NY open,1.01,lab (not sent),LOSS,-1.0,-1.0,-644.8797,0.581,1.426,2801,2026-10-05T14:37:21.384568+00:00,lab,rr_too_low
8d60594ab2,2026-10-05T14:01:49.707720+00:00,NQ,15m,BB_REVERSION_BEAR,SHORT,31146.0,31245.2708,30913.25,2.34,swing_level_sweet,8,10,REJECT,,,61.53,52.5693,23.04,LH_LL,14,0.97,0,CLOSED,LOSS,1,31245.2708,10,,2026-10-05,,,,#NQ-1005-5M,2026-10-05T14:01:49.707720+00:00,CON.F.US.ENQ.Z26,NY open,2.34,lab (not sent),LOSS,-1.0,-1.0,-99.2708,0.0,1.025,1644,2026-10-05T14:29:14.099615+00:00,lab,conviction
50341a871c,2026-10-05T14:20:06.106985+00:00,BTC,1h,VWAP_BOUNCE_BULL,LONG,86413.72,85707.8736,87249.05,1.18,swing_level,10,19,REJECT,,,60.1,405.6818,25.45,HH_HL,14,1.12,0,CLOSED,LOSS,0,85707.8736,19,,2026-10-05,,,,#BTC-1005-UV,2026-10-05T14:20:06.106985+00:00,BTC/USD,NY open,1.18,lab (not sent),LOSS,-1.0,-1.0,-705.8464,0.0,1.402,1035,2026-10-05T14:37:21.688915+00:00,lab,rr_too_low
3009dd2f5c,2026-10-05T14:21:06.823084+00:00,BTC,1h,EMA21_PULLBACK_BULL,LONG,86413.72,85667.3055,87249.05,1.12,swing_level,10,26,REJECT,,,60.1,405.6818,25.45,HH_HL,14,1.12,0,CLOSED,LOSS,0,85667.3055,26,,2026-10-05,,,,#BTC-1005-8G,2026-10-05T14:21:06.823084+00:00,BTC/USD,NY open,1.12,lab (not sent),LOSS,-1.0,-1.0,-746.4145,0.0,1.326,975,2026-10-05T14:37:21.961666+00:00,lab,rr_too_low
20a71160ef,2026-10-05T14:32:16.866832+00:00,NQ,15m,BB_REVERSION_BEAR,SHORT,31204.0,31264.2669,31003.75,3.32,swing_level,10,10,REJECT,,,64.63,55.0564,26.08,MIXED,14,0.46,0,CLOSED,LOSS,9,31264.2669,10,,2026-10-05,,,,#NQ-1005-V7,2026-10-05T14:32:16.866832+00:00,CON.F.US.ENQ.Z26,NY open,3.32,lab (not sent),LOSS,-1.0,-1.0,-60.2669,0.058,1.124,8150,2026-10-05T16:48:07.717001+00:00,lab,conviction
e4e2013e1f,2026-10-05T14:32:16.876346+00:00,NQ,15m,STOCH_REVERSAL_BEAR,SHORT,31204.0,31269.7726,31003.75,3.04,swing_level,10,26,REJECT,,,64.63,55.0564,26.08,MIXED,14,0.46,0,CLOSED,LOSS,9,31269.7726,26,,2026-10-05,,,,#NQ-1005-UE,2026-10-05T14:32:16.876346+00:00,CON.F.US.ENQ.Z26,NY open,3.04,lab (not sent),LOSS,-1.0,-1.0,-65.7726,0.053,1.03,8151,2026-10-05T16:48:07.987238+00:00,lab,conviction
ed95600cc6,2026-10-05T14:40:24.162333+00:00,NQ,15m,BB_REVERSION_BEAR,SHORT,31207.75,31264.4491,31120.0,1.55,swing_level,10,10,REJECT,,,65.16,55.6635,26.08,MIXED,14,1.32,0,CLOSED,LOSS,8,31264.4491,10,,2026-10-05,,,,#NQ-1005-2F,2026-10-05T14:40:24.162333+00:00,CON.F.US.ENQ.Z26,NY open,1.55,lab (not sent),LOSS,-1.0,-1.0,-56.6991,0.128,1.129,7664,2026-10-05T16:48:08.248709+00:00,lab,rr_too_low
8c9c1fc623,2026-10-05T15:11:33.753081+00:00,NQ,15m,STOCH_REVERSAL_BEAR,SHORT,31222.0,31276.4141,31120.0,1.87,swing_level,10,26,REJECT,,,64.15,54.1601,29.08,MIXED,15,1.04,0,CLOSED,LOSS,8,31276.4141,26,,2026-10-05,,,,#NQ-1005-R4,2026-10-05T15:11:33.753081+00:00,CON.F.US.ENQ.Z26,NY mid,1.87,lab (not sent),LOSS,-1.0,-1.0,-54.4141,0.395,1.066,7601,2026-10-05T17:18:15.504386+00:00,lab,rr_too_low
2706f17fc4,2026-10-05T15:47:50.219522+00:00,NQ,15m,STOCH_REVERSAL_BEAR,SHORT,31229.25,31266.4732,31120.0,2.94,swing_level_sweet,10,26,REJECT,,,64.1,49.9329,32.92,MIXED,15,0.19,0,CLOSED,LOSS,4,31266.4732,26,,2026-10-05,,,,#NQ-1005-A3,2026-10-05T15:47:50.219522+00:00,CON.F.US.ENQ.Z26,NY mid,2.94,lab (not sent),LOSS,-1.0,-1.0,-37.2232,0.772,1.142,3618,2026-10-05T16:48:08.512496+00:00,lab,conviction
3396374631,2026-10-05T16:02:52.574919+00:00,NQ,15m,BREAK_RETEST_BULL,LONG,31229.0,31192.4188,31282.5,1.46,swing_level,10,63,HIGH,,,63.97,47.703,34.07,MIXED,16,0.19,0,CLOSED,WIN,5,31282.5,63,,2026-10-05,,,,#NQ-1005-MG,2026-10-05T16:02:52.574919+00:00,CON.F.US.ENQ.Z26,NY mid,1.46,lab (not sent),WIN,1.46,1.462,53.5,1.62,0.779,5125,2026-10-05T17:28:17.766990+00:00,lab,rr_too_low
e5e8de4c43,2026-10-05T16:07:53.663781+00:00,NQ,15m,BREAK_RETEST_BULL,LONG,31219.5,31192.1331,31282.5,2.3,swing_level_sweet,10,63,HIGH,,scalp (15-90 min) - flat by 4PM ET,62.34,48.4173,33.95,MIXED,16,0.45,0,CLOSED,WIN,5,31282.5,63,True,2026-10-05,0,0,,#NQ-1005-4P,2026-10-05T16:07:53.663781+00:00,CON.F.US.ENQ.Z26,NY mid,2.3,control,WIN,2.3,2.302,63.0,2.512,0.694,4824,2026-10-05T17:28:18.068691+00:00,real,
963b14b1eb,2026-10-05T16:07:59.451213+00:00,NQ,15m,RSI_DIV_BEAR,SHORT,31219.5,31273.8669,31120.0,1.83,swing_level,10,20,REJECT,,,62.34,48.4173,33.95,MIXED,16,0.45,0,CLOSED,LOSS,3,31273.8669,20,,2026-10-05,,,,#NQ-1005-5N,2026-10-05T16:07:59.451213+00:00,CON.F.US.ENQ.Z26,NY mid,1.83,lab (not sent),LOSS,-1.0,-1.0,-54.3669,0.349,1.016,3011,2026-10-05T16:58:11.165991+00:00,lab,rr_too_low
21d1f28cbd,2026-10-05T16:13:00.531126+00:00,NQ,15m,RSI_DIV_BEAR,SHORT,31222.0,31273.8669,31120.0,1.97,swing_level,10,20,REJECT,,,62.76,48.4173,33.95,MIXED,16,0.63,0,CLOSED,LOSS,3,31273.8669,20,,2026-10-05,,,,#NQ-1005-R9,2026-10-05T16:13:00.531126+00:00,CON.F.US.ENQ.Z26,NY mid,1.97,lab (not sent),LOSS,-1.0,-1.0,-51.8669,0.415,1.017,2710,2026-10-05T16:58:11.420523+00:00,lab,open_call:rr_too_low
d983ebd818,2026-10-05T16:13:00.540720+00:00,NQ,15m,STOCH_REVERSAL_BEAR,SHORT,31222.0,31267.1169,31120.0,2.26,swing_level_sweet,10,26,REJECT,,,62.76,48.4173,33.95,MIXED,16,0.63,0,CLOSED,LOSS,2,31267.1169,26,,2026-10-05,,,,#NQ-1005-CK,2026-10-05T16:13:00.540720+00:00,CON.F.US.ENQ.Z26,NY mid,2.26,lab (not sent),LOSS,-1.0,-1.0,-45.1169,0.477,1.103,2108,2026-10-05T16:48:08.768838+00:00,lab,open_call:conviction
84e6e36d58,2026-10-05T16:18:01.637989+00:00,NQ,15m,EMA21_PULLBACK_BULL,LONG,31204.0,31141.3643,31282.5,1.25,swing_level,10,10,REJECT,,,59.72,46.0954,34.26,MIXED,16,0.25,0,CLOSED,WIN,4,31282.5,10,,2026-10-05,,,,#NQ-1005-8N,2026-10-05T16:18:01.637989+00:00,CON.F.US.ENQ.Z26,NY mid,1.25,lab (not sent),WIN,1.25,1.253,78.5,1.345,0.0,4216,2026-10-05T17:28:18.343617+00:00,lab,open_call:rr_too_low
87bbb1ba40,2026-10-05T16:28:03.879452+00:00,NQ,15m,BREAK_RETEST_BULL,LONG,31239.25,31210.2904,31282.5,1.49,swing_level,10,63,HIGH,,,64.15,48.024,34.2,MIXED,16,0.89,0,CLOSED,WIN,4,31282.5,63,,2026-10-05,,,,#NQ-1005-SQ,2026-10-05T16:28:03.879452+00:00,CON.F.US.ENQ.Z26,NY mid,1.49,lab (not sent),WIN,1.49,1.493,43.25,1.692,0.25,3614,2026-10-05T17:28:18.605872+00:00,lab,open_call:rr_too_low
654b77744b,2026-10-05T16:58:11.715593+00:00,NQ,15m,BREAK_RETEST_BULL,LONG,31253.25,31229.399,31282.5,1.23,swing_level,10,63,HIGH,,,64.16,45.8774,35.67,MIXED,16,0.63,0,CLOSED,WIN,2,31282.5,63,,2026-10-05,,,,#NQ-1005-83,2026-10-05T16:58:11.715593+00:00,CON.F.US.ENQ.Z26,NY mid,1.23,lab (not sent),WIN,1.23,1.226,29.25,1.467,0.734,1807,2026-10-05T17:28:18.862093+00:00,lab,open_call:rr_too_low
19c27d64ef,2026-10-05T17:03:12.414136+00:00,NQ,15m,BREAK_RETEST_BULL,LONG,31242.75,31225.2251,31282.5,2.27,swing_level_sweet,10,63,HIGH,,,62.28,43.8122,36.1,MIXED,17,0.16,0,CLOSED,WIN,1,31282.5,63,,2026-10-05,,,,#NQ-1005-T8,2026-10-05T17:03:12.414136+00:00,CON.F.US.ENQ.Z26,NY mid,2.27,lab (not sent),WIN,2.27,2.268,39.75,2.596,0.0,1506,2026-10-05T17:28:19.134899+00:00,lab,open_call
b5a093df58,2026-10-05T17:18:15.788668+00:00,NQ,15m,BREAK_RETEST_BULL,LONG,31273.0,31237.5351,31343.9299,2.0,synthesized,10,63,HIGH,,,65.84,43.0374,36.26,MIXED,17,0.19,0,CLOSED,WIN,7,31343.9299,63,,2026-10-05,,,,#NQ-1005-D4,2026-10-05T17:18:15.788668+00:00,CON.F.US.ENQ.Z26,NY mid,2.0,lab (not sent),WIN,2.0,2.0,70.9299,2.058,0.197,6498,2026-10-05T19:06:34.019014+00:00,lab,open_call:no_target
05e2cb50ec,2026-10-05T17:18:15.983779+00:00,BTC,1h,BB_REVERSION_BULL,LONG,85338.4,84813.0358,86885.28,2.94,swing_level_sweet,10,35,REJECT,,,43.19,437.2139,21.53,HH_HL,17,0.25,0,CLOSED,SKIP,26,85338.4,35,,2026-10-05,,,,#BTC-1005-SX,2026-10-05T17:18:15.983779+00:00,BTC/USD,NY mid,2.94,lab (not sent),SKIP,0.0,0.0,0.0,2.589,0.454,96116,2026-10-06T20:00:12.344400+00:00,lab,conviction
00aea1e527,2026-10-05T17:33:20.597021+00:00,NQ,15m,BREAK_RETEST_BULL,LONG,31273.0,31238.153,31342.6941,2.0,synthesized,10,63,HIGH,,,65.55,41.4926,36.92,MIXED,17,0.14,0,CLOSED,WIN,6,31342.6941,63,,2026-10-05,,,,#NQ-1005-XU,2026-10-05T17:33:20.597021+00:00,CON.F.US.ENQ.Z26,NY mid,2.0,lab (not sent),WIN,2.0,2.0,69.6941,2.095,0.0,5593,2026-10-05T19:06:34.284961+00:00,lab,no_target
d6e89eeb56,2026-10-05T17:33:20.604946+00:00,NQ,15m,STOCH_REVERSAL_BEAR,SHORT,31273.0,31304.847,31200.5,2.28,swing_level_sweet,10,26,REJECT,,,65.55,41.4926,36.92,MIXED,17,0.14,0,CLOSED,LOSS,1,31304.847,26,,2026-10-05,,,,#NQ-1005-99,2026-10-05T17:33:20.604946+00:00,CON.F.US.ENQ.Z26,NY mid,2.28,lab (not sent),LOSS,-1.0,-1.0,-31.847,0.0,1.437,903,2026-10-05T17:48:23.948831+00:00,lab,conviction
fb2df0f1fd,2026-10-05T17:51:26.958094+00:00,BTC,1h,BB_REVERSION_BULL,LONG,85296.98,84769.4571,86885.28,3.01,swing_level,10,35,REJECT,,,42.44,439.6024,21.43,HH_HL,17,0.69,0,CLOSED,SKIP,26,85296.98,35,,2026-10-05,,,,#BTC-1005-QR,2026-10-05T17:51:26.958094+00:00,BTC/USD,NY mid,3.01,lab (not sent),SKIP,0.0,0.0,0.0,2.657,0.373,94125,2026-10-06T20:00:12.344472+00:00,lab,conviction
3db0bc8bd5,2026-10-05T18:03:37.637488+00:00,NQ,1h,BREAK_RETEST_BULL,LONG,31291.25,31247.5173,31378.7153,2.0,synthesized,10,63,HIGH,,,67.75,87.4567,19.27,MIXED,18,0.13,1,CLOSED,WIN,1,31314.5,63,,2026-10-05,,,,#NQ-1005-3V,2026-10-05T18:03:37.637488+00:00,CON.F.US.ENQ.Z26,NY close,2.0,lab (not sent),WIN,0.532,0.532,23.25,1.824,0.029,6714,2026-10-05T19:55:31.773880+00:00,lab,no_target
05eb8e0641,2026-10-05T22:00:02.764011+00:00,GC,4h,BB_REVERSION_BULL,LONG,4167.6,4140.2348,4230.0,2.28,swing_level_sweet,-10,72,HIGH,,intraday (hours) - flat by 4PM ET,43.36,33.8839,17.43,HH_HL,22,0.35,0,CLOSED,LOSS,1,4140.2348,72,,2026-10-06,0,0,,#GC-1005-P3,2026-10-05T22:00:02.764011+00:00,CON.F.US.GCE.Z26,Asia,2.28,control,LOSS,-1.0,-1.0,-27.3652,0.439,1.348,16998,2026-10-06T02:43:21.371823+00:00,real,
4fc7fee5a3,2026-10-05T22:00:03.315252+00:00,GC,4h,STOCH_REVERSAL_BULL,LONG,4167.6,4136.8464,4230.0,2.03,swing_level_sweet,-10,11,REJECT,,,43.36,33.8839,17.43,HH_HL,22,0.35,0,CLOSED,LOSS,1,4136.8464,11,,2026-10-06,,,,#GC-1005-SX,2026-10-05T22:00:03.315252+00:00,CON.F.US.GCE.Z26,Asia,2.03,lab (not sent),LOSS,-1.0,-1.0,-30.7536,0.39,1.2,16998,2026-10-06T02:43:21.677089+00:00,lab,conviction
882f70b9b8,2026-10-05T22:22:46.998848+00:00,NQ,15m,BB_REVERSION_BEAR,SHORT,31355.75,31394.5898,31291.25,1.66,swing_level,10,10,REJECT,,,69.24,31.1328,35.98,MIXED,22,0.06,0,CLOSED,LOSS,10,31394.5898,10,,2026-10-06,,,,#NQ-1005-BZ,2026-10-05T22:22:46.998848+00:00,CON.F.US.ENQ.Z26,Asia,1.66,lab (not sent),LOSS,-1.0,-1.0,-38.8398,0.779,1.004,9496,2026-10-06T01:01:03.241154+00:00,lab,rr_too_low
210235b216,2026-10-05T22:37:23.401233+00:00,NQ,15m,EMA21_PULLBACK_BULL,LONG,31330.25,31298.9603,31371.0,1.3,swing_level,10,10,REJECT,,,60.38,31.0697,34.97,MIXED,22,0.14,0,CLOSED,WIN,7,31371.0,10,,2026-10-06,,,,#NQ-1005-XN,2026-10-05T22:37:23.401233+00:00,CON.F.US.ENQ.Z26,Asia,1.3,lab (not sent),WIN,1.3,1.302,40.75,1.638,0.152,6509,2026-10-06T00:25:53.161018+00:00,lab,rr_too_low
a833da98a8,2026-10-05T23:55:44.683586+00:00,NQ,15m,STOCH_REVERSAL_BEAR,SHORT,31356.25,31378.9681,31291.25,2.86,swing_level_sweet,10,26,REJECT,,,63.98,26.7952,32.31,MIXED,23,0.15,0,CLOSED,LOSS,2,31378.9681,26,,2026-10-06,,,,#NQ-1005-GZ,2026-10-05T23:55:44.683586+00:00,CON.F.US.ENQ.Z26,Asia,2.86,lab (not sent),LOSS,-1.0,-1.0,-22.7181,0.836,1.111,1808,2026-10-06T00:25:53.423702+00:00,lab,conviction
7a292f0626,2026-10-06T00:05:50.853025+00:00,NQ,15m,VWAP_REJECT_BEAR,SHORT,31341.75,31370.4714,31291.25,1.76,swing_level,10,26,REJECT,,,59.11,26.107,31.29,MIXED,0,0.14,0,CLOSED,LOSS,1,31370.4714,26,,2026-10-06,,,,#NQ-1005-DZ,2026-10-06T00:05:50.853025+00:00,CON.F.US.ENQ.Z26,Asia,1.76,lab (not sent),LOSS,-1.0,-1.0,-28.7214,0.0,1.384,1202,2026-10-06T00:25:53.682329+00:00,lab,rr_too_low
3f7461d70a,2026-10-06T00:05:50.863547+00:00,NQ,15m,EMA21_PULLBACK_BULL,LONG,31341.75,31317.8036,31371.0,1.22,swing_level,10,10,REJECT,,,59.11,26.107,31.29,MIXED,0,0.14,0,CLOSED,WIN,1,31371.0,10,,2026-10-06,,,,#NQ-1005-ZC,2026-10-06T00:05:50.863547+00:00,CON.F.US.ENQ.Z26,Asia,1.22,lab (not sent),WIN,1.22,1.221,29.25,1.66,0.0,1203,2026-10-06T00:25:53.949123+00:00,lab,rr_too_low
21ecaeb4bb,2026-10-06T00:57:02.340110+00:00,GC,4h,MACD_CROSS_BULL,LONG,4172.7,4150.3502,4230.0,2.56,swing_level_sweet,-10,27,REJECT,,,44.66,32.4993,16.97,HH_HL,0,0.26,0,CLOSED,LOSS,0,4150.3502,27,,2026-10-06,,,,#GC-1005-A3,2026-10-06T00:57:02.340110+00:00,CON.F.US.GCE.Z26,Asia,2.56,lab (not sent),LOSS,-1.0,-1.0,-22.3498,0.309,1.879,6379,2026-10-06T02:43:21.946161+00:00,lab,open_call:conviction
fcab333d88,2026-10-06T01:01:03.748787+00:00,GC,4h,VWAP_BOUNCE_BULL,LONG,4176.6,4154.3287,4230.0,2.4,swing_level_sweet,-10,56,MEDIUM,,,45.62,32.8565,16.71,HH_HL,1,0.28,0,CLOSED,LOSS,0,4154.3287,56,,2026-10-06,,,,#GC-1005-PG,2026-10-06T01:01:03.748787+00:00,CON.F.US.GCE.Z26,Asia,2.4,lab (not sent),LOSS,-1.0,-1.0,-22.2713,0.009,1.006,5053,2026-10-06T02:25:17.610996+00:00,lab,open_call:conviction
9b26c4fb44,2026-10-06T01:19:06.979697+00:00,NQ,15m,VWAP_REJECT_BEAR,SHORT,31366.5,31416.9299,31200.5,3.29,swing_level,10,26,REJECT,,,59.58,28.3997,30.32,MIXED,1,0.29,0,CLOSED,LOSS,32,31416.9299,26,,2026-10-06,,,,#NQ-1005-AH,2026-10-06T01:19:06.979697+00:00,CON.F.US.ENQ.Z26,Asia,3.29,lab (not sent),LOSS,-1.0,-1.0,-50.4299,1.135,1.021,28967,2026-10-06T09:21:54.410310+00:00,lab,setup_off
b7665d65e1,2026-10-06T01:19:06.995789+00:00,NQ,15m,BB_REVERSION_BEAR,SHORT,31366.5,31419.7699,31200.5,3.12,swing_level,10,10,REJECT,,,59.58,28.3997,30.32,MIXED,1,0.29,0,CLOSED,LOSS,33,31419.7699,10,,2026-10-06,,,,#NQ-1005-BW,2026-10-06T01:19:06.995789+00:00,CON.F.US.ENQ.Z26,Asia,3.12,lab (not sent),LOSS,-1.0,-1.0,-53.2699,1.075,1.07,29871,2026-10-06T09:36:58.124183+00:00,lab,conviction
cacf53bf27,2026-10-06T01:55:13.261342+00:00,NQ,15m,VWAP_REJECT_BEAR,SHORT,31336.0,31376.796,31200.5,3.32,swing_level,10,26,REJECT,,,50.75,28.9802,26.13,MIXED,1,0.51,0,CLOSED,LOSS,14,31376.796,26,,2026-10-06,,,,#NQ-1005-F4,2026-10-06T01:55:13.261342+00:00,CON.F.US.ENQ.Z26,Asia,3.32,lab (not sent),LOSS,-1.0,-1.0,-40.796,0.656,1.011,13307,2026-10-06T05:37:01.227633+00:00,lab,setup_off
261a6bd83c,2026-10-06T02:33:19.958891+00:00,NQ,1h,VWAP_REJECT_BEAR,SHORT,31324.75,31426.2583,30982.75,3.37,swing_level,10,26,REJECT,,,63.57,75.0415,30.27,MIXED,2,0.12,0,CLOSED,LOSS,7,31426.2583,26,,2026-10-06,,,,#NQ-1005-G7,2026-10-06T02:33:19.958891+00:00,CON.F.US.ENQ.Z26,Asia,3.37,lab (not sent),LOSS,-1.0,-1.0,-101.5083,0.0,1.015,26321,2026-10-06T09:52:01.768444+00:00,lab,setup_off
aec8ccf6cc,2026-10-06T02:56:25.997090+00:00,GC,4h,STOCH_REVERSAL_BULL,LONG,4163.8,4142.6731,4208.8,2.13,swing_level_sweet,-10,11,REJECT,,,43.15,33.3172,17.05,HH_HL,2,0.4,0,CLOSED,LOSS,0,4142.6731,11,,2026-10-06,,,,#GC-1005-K7,2026-10-06T02:56:25.997090+00:00,CON.F.US.GCE.Z26,Asia,2.13,lab (not sent),LOSS,-1.0,-1.0,-21.1269,0.0,1.122,11513,2026-10-06T06:08:19.339103+00:00,lab,conviction
2ebf1feb40,2026-10-06T03:02:29.339208+00:00,GC,1h,VWAP_BOUNCE_BULL,LONG,4158.9,4127.6482,4222.8,2.04,swing_level_sweet,-10,56,MEDIUM,,,43.41,15.2588,19.5,HH_HL,3,0.06,0,CLOSED,WIN,16,4195.9,56,,2026-10-06,,,,#GC-1005-BH,2026-10-06T03:02:29.339208+00:00,CON.F.US.GCE.Z26,Asia,2.04,lab (not sent),WIN,1.184,1.184,37.0,1.712,0.602,60752,2026-10-06T19:55:02.223560+00:00,lab,conviction
0216476368,2026-10-06T03:02:29.358053+00:00,GC,1h,BB_REVERSION_BULL,LONG,4158.9,4126.1224,4226.8,2.07,swing_level_sweet,-10,72,HIGH,,intraday (1-4 hours) - flat by 4PM ET,43.41,15.2588,19.5,HH_HL,3,0.06,0,CLOSED,WIN,16,4195.9,72,True,2026-10-06,0,0,,#GC-1005-ZD,2026-10-06T03:02:29.358053+00:00,CON.F.US.GCE.Z26,Asia,2.07,control,WIN,1.129,1.129,37.0,1.632,0.574,60753,2026-10-06T19:55:02.555872+00:00,real,
dc0f9cc349,2026-10-06T03:22:37.606420+00:00,NQ,1h,VWAP_BOUNCE_BULL,LONG,31358.25,31294.8328,31485.0843,2.0,synthesized,10,55,MEDIUM,,,66.99,72.0858,30.94,MIXED,3,0.09,0,CLOSED,WIN,7,31485.0843,55,,2026-10-06,,,,#NQ-1005-96,2026-10-06T03:22:37.606420+00:00,CON.F.US.ENQ.Z26,Asia,2.0,lab (not sent),WIN,2.0,2.0,126.8343,2.385,0.41,28486,2026-10-06T11:17:24.425070+00:00,lab,no_target
5a0d6bd3c3,2026-10-06T03:46:40.932890+00:00,GC,1h,VWAP_BOUNCE_BULL,LONG,4159.0,4127.5482,4222.8,2.03,swing_level_sweet,-10,56,MEDIUM,,,43.46,15.7588,19.5,HH_HL,3,0.53,0,CLOSED,WIN,16,4195.9,56,,2026-10-06,,,,#GC-1005-Q9,2026-10-06T03:46:40.932890+00:00,CON.F.US.GCE.Z26,Asia,2.03,lab (not sent),WIN,1.173,1.173,36.9,1.698,0.601,58102,2026-10-06T19:55:03.311863+00:00,lab,open_call:conviction
940fb13c3d,2026-10-06T03:46:40.940967+00:00,GC,1h,BB_REVERSION_BULL,LONG,4159.0,4125.9724,4226.8,2.05,swing_level_sweet,-10,72,HIGH,,,43.46,15.7588,19.5,HH_HL,3,0.53,0,CLOSED,WIN,16,4195.9,72,,2026-10-06,,,,#GC-1005-CZ,2026-10-06T03:46:40.940967+00:00,CON.F.US.GCE.Z26,Asia,2.05,lab (not sent),WIN,1.117,1.117,36.9,1.617,0.572,58102,2026-10-06T19:55:03.671826+00:00,lab,open_call
c0f61e8821,2026-10-06T04:26:52.997502+00:00,NQ,15m,VWAP_BOUNCE_BULL,LONG,31369.0,31339.9628,31411.25,1.46,swing_level,10,55,MEDIUM,,,60.74,23.9359,15.04,MIXED,4,0.36,0,CLOSED,LOSS,1,31339.9628,55,,2026-10-06,,,,#NQ-1006-T5,2026-10-06T04:26:52.997502+00:00,CON.F.US.ENQ.Z26,Asia,1.46,lab (not sent),LOSS,-1.0,-1.0,-29.0372,0.0,1.128,1202,2026-10-06T04:46:55.250464+00:00,lab,rr_too_low
5ea873dd5c,2026-10-06T04:36:54.006838+00:00,NQ,1h,VWAP_BOUNCE_BULL,LONG,31360.25,31325.1348,31430.4803,2.0,synthesized,10,55,MEDIUM,,,67.2,69.3258,32.08,MIXED,4,0.08,0,CLOSED,WIN,5,31430.4803,55,,2026-10-06,,,,#NQ-1006-JJ,2026-10-06T04:36:54.006838+00:00,CON.F.US.ENQ.Z26,Asia,2.0,lab (not sent),WIN,2.0,2.0,70.2303,2.129,0.797,20475,2026-10-06T10:18:09.578137+00:00,lab,no_target
692938c29a,2026-10-06T04:46:55.608873+00:00,NQ,1h,BREAK_RETEST_BULL,LONG,31337.5,31290.7768,31430.9464,2.0,synthesized,10,63,HIGH,,,64.4,69.933,32.08,MIXED,4,0.11,0,CLOSED,WIN,5,31430.9464,63,,2026-10-06,,,,#NQ-1006-5N,2026-10-06T04:46:55.608873+00:00,CON.F.US.ENQ.Z26,Asia,2.0,lab (not sent),WIN,2.0,2.0,93.4464,2.087,0.032,19874,2026-10-06T10:18:09.880004+00:00,lab,no_target
32c46ac9d5,2026-10-06T05:16:58.935500+00:00,NQ,15m,VWAP_BOUNCE_BULL,LONG,31363.75,31331.5436,31411.25,1.47,swing_level,10,55,MEDIUM,,,57.78,22.282,12.83,MIXED,5,0.09,0,CLOSED,WIN,15,31411.25,55,,2026-10-06,,,,#NQ-1006-MG,2026-10-06T05:16:58.935500+00:00,CON.F.US.ENQ.Z26,Asia,1.47,lab (not sent),WIN,1.47,1.475,47.5,1.622,0.737,13849,2026-10-06T09:07:48.297997+00:00,lab,rr_too_low
a1f0097d3b,2026-10-06T05:27:00.251211+00:00,NQ,1h,VWAP_BOUNCE_BULL,LONG,31360.75,31318.6951,31444.8598,2.0,synthesized,10,55,MEDIUM,,,66.68,67.7745,32.65,MIXED,5,0.08,0,CLOSED,WIN,4,31444.8598,55,,2026-10-06,,,,#NQ-1006-7P,2026-10-06T05:27:00.251211+00:00,CON.F.US.ENQ.Z26,Asia,2.0,lab (not sent),WIN,2.0,2.0,84.1098,2.205,0.493,17770,2026-10-06T10:23:10.900108+00:00,lab,no_target
cd857df511,2026-10-06T05:37:01.547837+00:00,NQ,15m,VWAP_BOUNCE_BULL,LONG,31367.75,31346.3561,31411.25,2.03,swing_level_sweet,10,55,MEDIUM,,scalp (15-90 min) - flat by 4PM ET,59.11,23.2197,13.3,MIXED,5,0.34,0,CLOSED,LOSS,6,31346.3561,55,True,2026-10-06,0,0,,#NQ-1006-C8,2026-10-06T05:37:01.547837+00:00,CON.F.US.ENQ.Z26,Asia,2.03,control,LOSS,-1.0,-1.0,-21.3939,1.461,1.297,5648,2026-10-06T07:11:09.892077+00:00,real,
97a79bedb0,2026-10-06T05:48:16.895816+00:00,NQ,1h,VWAP_BOUNCE_BULL,LONG,31361.5,31318.6201,31447.2598,2.0,synthesized,10,55,MEDIUM,,,66.74,68.1495,32.71,MIXED,5,0.13,0,CLOSED,WIN,4,31447.2598,55,,2026-10-06,,,,#NQ-1006-ZT,2026-10-06T05:48:16.895816+00:00,CON.F.US.ENQ.Z26,Asia,2.0,lab (not sent),WIN,2.0,2.0,85.7598,2.146,0.501,16494,2026-10-06T10:23:11.190598+00:00,lab,open_call:no_target
5fec06c30e,2026-10-06T05:58:17.915367+00:00,NQ,15m,VWAP_BOUNCE_BULL,LONG,31375.5,31345.2582,31411.25,1.18,swing_level,10,55,MEDIUM,,,61.18,23.7091,13.56,MIXED,5,0.58,0,CLOSED,LOSS,4,31345.2582,55,,2026-10-06,,,,#NQ-1006-HH,2026-10-06T05:58:17.915367+00:00,CON.F.US.ENQ.Z26,Asia,1.18,lab (not sent),LOSS,-1.0,-1.0,-30.2418,0.777,1.174,4372,2026-10-06T07:11:10.181730+00:00,lab,open_call:rr_too_low
a8ddcfd16d,2026-10-06T06:11:22.140654+00:00,NQ,15m,VWAP_BOUNCE_BULL,LONG,31367.25,31350.3229,31411.25,2.6,swing_level_sweet,10,55,MEDIUM,,,57.16,23.3855,13.95,HH_HL,6,0.7,0,CLOSED,LOSS,3,31350.3229,55,,2026-10-06,,,,#NQ-1006-9U,2026-10-06T06:11:22.140654+00:00,CON.F.US.ENQ.Z26,London,2.6,lab (not sent),LOSS,-1.0,-1.0,-16.9271,1.876,1.61,3588,2026-10-06T07:11:10.467085+00:00,lab,open_call
f99ab509ab,2026-10-06T06:14:24.754540+00:00,NQ,1h,BREAK_RETEST_BULL,LONG,31374.5,31345.0077,31411.25,1.25,swing_level,10,63,HIGH,,,67.47,64.9806,33.63,HH_HL,6,0.06,0,CLOSED,LOSS,0,31345.0077,63,,2026-10-06,,,,#NQ-1006-KE,2026-10-06T06:14:24.754540+00:00,CON.F.US.ENQ.Z26,London,1.25,lab (not sent),LOSS,-1.0,-1.0,-29.4923,0.831,1.17,3406,2026-10-06T07:11:10.770134+00:00,lab,open_call:rr_too_low
4058c27757,2026-10-06T06:32:42.021152+00:00,GC,1h,VWAP_BOUNCE_BULL,LONG,4161.2,4140.1911,4203.8,2.03,swing_level_sweet,-10,56,MEDIUM,,,46.66,15.5444,22.86,HH_HL,6,1.02,0,CLOSED,WIN,5,4203.8,56,,2026-10-06,,,,#GC-1006-YZ,2026-10-06T06:32:42.021152+00:00,CON.F.US.GCE.Z26,London,2.03,lab (not sent),WIN,2.03,2.028,42.6,2.104,0.271,19986,2026-10-06T12:05:48.147079+00:00,lab,open_call:conviction
4cd7954ad1,2026-10-06T07:06:08.641953+00:00,GC,1h,VWAP_BOUNCE_BULL,LONG,4160.0,4137.1446,4217.8,2.53,swing_level_sweet,-10,56,MEDIUM,,,46.11,14.7769,23.15,HH_HL,7,0.12,0,CLOSED,WIN,12,4195.9,56,,2026-10-06,,,,#GC-1006-YH,2026-10-06T07:06:08.641953+00:00,CON.F.US.GCE.Z26,London,2.53,lab (not sent),WIN,1.571,1.571,35.9,2.293,0.0,46135,2026-10-06T19:55:03.997854+00:00,lab,open_call:conviction
e715c3f305,2026-10-06T07:11:11.530200+00:00,NQ,1h,BREAK_RETEST_BULL,LONG,31353.25,31327.4654,31411.25,2.25,swing_level_sweet,10,63,HIGH,,,63.32,64.4616,34.05,HH_HL,7,0.09,0,CLOSED,WIN,1,31411.25,63,,2026-10-06,,,,#NQ-1006-PD,2026-10-06T07:11:11.530200+00:00,CON.F.US.ENQ.Z26,London,2.25,lab (not sent),WIN,2.25,2.249,58.0,2.434,0.184,6997,2026-10-06T09:07:48.591794+00:00,lab,open_call
7ef5201743,2026-10-06T07:12:11.907464+00:00,NQ,1h,BREAK_RETEST_BULL,LONG,31353.25,31327.4654,31411.25,2.25,swing_level_sweet,10,63,HIGH,,intraday (1-4 hours) - flat by 4PM ET,63.32,64.4616,34.05,HH_HL,7,0.09,0,CLOSED,WIN,1,31411.25,63,True,2026-10-06,0,0,,#NQ-1006-P6,2026-10-06T07:12:11.907464+00:00,CON.F.US.ENQ.Z26,London,2.25,control,WIN,2.25,2.249,58.0,2.434,0.184,6936,2026-10-06T09:07:48.884832+00:00,real,
d752580d31,2026-10-06T07:14:13.577479+00:00,NQ,1h,BREAK_RETEST_BULL,LONG,31374.0,31345.2154,31411.25,1.29,swing_level,10,63,HIGH,,,66.84,64.4616,34.05,HH_HL,7,0.12,0,CLOSED,WIN,1,31411.25,63,,2026-10-06,,,,#NQ-1006-ZY,2026-10-06T07:14:13.577479+00:00,CON.F.US.ENQ.Z26,London,1.29,lab (not sent),WIN,1.29,1.294,37.25,1.459,0.886,6815,2026-10-06T09:07:49.181852+00:00,lab,open_call:rr_too_low
05a61b0241,2026-10-06T07:17:15.105879+00:00,GC,1h,MACD_CROSS_BULL,LONG,4168.1,4135.4462,4251.1,2.54,swing_level_sweet,-10,27,REJECT,,,50.15,15.5127,22.36,HH_HL,7,0.42,0,CLOSED,WIN,12,4195.9,27,,2026-10-06,,,,#GC-1006-HY,2026-10-06T07:17:15.105879+00:00,CON.F.US.GCE.Z26,London,2.54,lab (not sent),WIN,0.851,0.851,27.8,1.357,0.248,45469,2026-10-06T19:55:04.340403+00:00,lab,open_call:conviction
051d408a14,2026-10-06T07:22:16.340613+00:00,NQ,15m,VWAP_BOUNCE_BULL,LONG,31371.0,31335.1945,31411.25,1.12,swing_level,10,55,MEDIUM,,,55.65,24.0275,14.97,HH_HL,7,0.74,0,CLOSED,WIN,7,31411.25,55,,2026-10-06,,,,#NQ-1006-UA,2026-10-06T07:22:16.340613+00:00,CON.F.US.ENQ.Z26,London,1.12,lab (not sent),WIN,1.12,1.124,40.25,1.257,0.628,6333,2026-10-06T09:07:49.493595+00:00,lab,open_call:rr_too_low
a769501f3d,2026-10-06T07:37:19.412324+00:00,GC,1h,VWAP_BOUNCE_BULL,LONG,4164.1,4136.9975,4219.7,2.05,swing_level_sweet,-10,56,MEDIUM,,,48.24,15.5127,22.36,HH_HL,7,0.76,0,CLOSED,WIN,12,4195.9,56,,2026-10-06,,,,#GC-1006-R6,2026-10-06T07:37:19.412324+00:00,CON.F.US.GCE.Z26,London,2.05,lab (not sent),WIN,1.173,1.173,31.8,1.782,0.0,44265,2026-10-06T19:55:04.667043+00:00,lab,open_call:conviction
8f7cfa8a53,2026-10-06T07:51:22.537454+00:00,NQ,1h,BREAK_RETEST_BULL,LONG,31374.0,31344.9868,31411.25,1.28,swing_level,10,63,HIGH,,,66.84,65.033,34.05,HH_HL,7,0.27,0,CLOSED,WIN,1,31411.25,63,,2026-10-06,,,,#NQ-1006-D6,2026-10-06T07:51:22.537454+00:00,CON.F.US.ENQ.Z26,London,1.28,lab (not sent),WIN,1.28,1.284,37.25,1.448,0.448,4587,2026-10-06T09:07:49.794931+00:00,lab,open_call:rr_too_low
c8d5e403cc,2026-10-06T07:51:22.802968+00:00,GC,1h,MACD_CROSS_BULL,LONG,4165.6,4135.4462,4226.8,2.03,swing_level_sweet,-9,27,REJECT,,,48.97,15.5127,22.36,HH_HL,7,0.94,0,CLOSED,WIN,12,4195.9,27,,2026-10-06,,,,#GC-1006-U4,2026-10-06T07:51:22.802968+00:00,CON.F.US.GCE.Z26,London,2.03,lab (not sent),WIN,1.005,1.005,30.3,1.552,0.013,43422,2026-10-06T19:55:04.998428+00:00,lab,open_call:conviction
06e7bd0d5e,2026-10-06T08:32:41.409179+00:00,NQ,1h,VWAP_BOUNCE_BULL,LONG,31368.5,31327.2939,31411.25,1.04,swing_level,10,55,MEDIUM,,,65.71,63.5307,34.51,HH_HL,8,0.2,0,CLOSED,WIN,0,31411.25,55,,2026-10-06,,,,#NQ-1006-8V,2026-10-06T08:32:41.409179+00:00,CON.F.US.ENQ.Z26,London,1.04,lab (not sent),WIN,1.04,1.037,42.75,1.153,0.0,2108,2026-10-06T09:07:50.107165+00:00,lab,open_call:rr_too_low
8921d32ee9,2026-10-06T08:32:41.419447+00:00,NQ,1h,BREAK_RETEST_BULL,LONG,31368.5,31343.0877,31411.25,1.68,swing_level,10,63,HIGH,,,65.71,63.5307,34.51,HH_HL,8,0.2,0,CLOSED,WIN,0,31411.25,63,,2026-10-06,,,,#NQ-1006-CZ,2026-10-06T08:32:41.419447+00:00,CON.F.US.ENQ.Z26,London,1.68,lab (not sent),WIN,1.68,1.682,42.75,1.869,0.0,2108,2026-10-06T09:07:50.396365+00:00,lab,open_call:rr_too_low
1cb7990d97,2026-10-06T08:32:41.551148+00:00,GC,1h,VWAP_BOUNCE_BULL,LONG,4175.0,4152.4448,4222.8,2.12,swing_level_sweet,-9,56,MEDIUM,,,53.38,15.276,21.27,HH_HL,8,0.73,0,CLOSED,WIN,11,4195.9,56,,2026-10-06,,,,#GC-1006-GF,2026-10-06T08:32:41.551148+00:00,CON.F.US.GCE.Z26,London,2.12,lab (not sent),WIN,0.927,0.927,20.9,1.658,0.195,40943,2026-10-06T19:55:05.325311+00:00,lab,open_call:conviction
770a241b7b,2026-10-06T10:47:17.563700+00:00,NQ,1h,MACD_CROSS_BULL,LONG,31452.25,31368.4557,31619.8385,2.0,synthesized,10,55,MEDIUM,,,74.13,62.6475,36.2,HH_HL,10,0.36,0,CLOSED,WIN,9,31486.5,55,,2026-10-06,,,,#NQ-1006-33,2026-10-06T10:47:17.563700+00:00,CON.F.US.ENQ.Z26,London,2.0,lab (not sent),WIN,0.409,0.409,34.25,1.96,0.143,32868,2026-10-06T19:55:05.650693+00:00,lab,no_target
3bf36c5343,2026-10-06T11:17:24.755289+00:00,NQ,1h,MACD_CROSS_BULL,LONG,31496.5,31374.0643,31741.3715,2.0,synthesized,10,55,MEDIUM,,,77.17,63.1191,37.6,HH_HL,11,0.32,0,CLOSED,LOSS,8,31486.5,55,,2026-10-06,,,,#NQ-1006-8W,2026-10-06T11:17:24.755289+00:00,CON.F.US.ENQ.Z26,London,2.0,lab (not sent),LOSS,-0.082,-0.082,-10.0,0.98,0.339,31061,2026-10-06T19:55:05.992919+00:00,lab,no_target
4648f62594,2026-10-06T11:50:37.509598+00:00,NQ,1h,MACD_CROSS_BULL,LONG,31516.0,31373.5018,31800.9965,2.0,synthesized,10,55,MEDIUM,,,78.28,64.9941,37.81,HH_HL,11,0.87,0,CLOSED,LOSS,8,31486.5,55,,2026-10-06,,,,#NQ-1006-RP,2026-10-06T11:50:37.509598+00:00,CON.F.US.ENQ.Z26,London,2.0,lab (not sent),LOSS,-0.207,-0.207,-29.5,0.705,0.428,29068,2026-10-06T19:55:06.342948+00:00,lab,no_target
76f59f6cd4,2026-10-06T12:31:59.509783+00:00,NQ,15m,EMA21_PULLBACK_BULL,LONG,31485.5,31443.2858,31569.9285,2.0,synthesized,10,10,REJECT,,,63.23,28.0869,30.0,HH_HL,12,0.26,1,CLOSED,WIN,6,31569.9285,10,,2026-10-06,,,,#NQ-1006-4X,2026-10-06T12:31:59.509783+00:00,CON.F.US.ENQ.Z26,NY pre,2.0,lab (not sent),WIN,2.0,2.0,84.4285,2.132,0.723,5816,2026-10-06T14:08:55.866139+00:00,lab,no_target
6e5faa5a65,2026-10-06T12:47:15.738060+00:00,NQ,15m,BREAK_RETEST_BULL,LONG,31468.75,31444.0657,31518.1187,2.0,synthesized,10,63,HIGH,,,58.09,27.9608,28.99,HH_HL,12,0.22,0,CLOSED,WIN,1,31518.1187,63,,2026-10-06,,,,#NQ-1006-XY,2026-10-06T12:47:15.738060+00:00,CON.F.US.ENQ.Z26,NY pre,2.0,lab (not sent),WIN,2.0,2.0,49.3687,2.015,0.0,1246,2026-10-06T13:08:02.694349+00:00,lab,no_target
8ef63ba288,2026-10-06T13:02:01.150683+00:00,NQ,15m,EMA21_PULLBACK_BULL,LONG,31494.5,31445.2528,31592.9943,2.0,synthesized,10,10,REJECT,,,63.16,30.1572,28.46,HH_HL,13,2.02,0,CLOSED,WIN,7,31592.9943,10,,2026-10-06,,,,#NQ-1006-MK,2026-10-06T13:02:01.150683+00:00,CON.F.US.ENQ.Z26,NY pre,2.0,lab (not sent),WIN,2.0,2.0,98.4943,2.086,0.746,7166,2026-10-06T15:01:27.604717+00:00,lab,no_target
a4e4522641,2026-10-06T13:35:18.395323+00:00,BTC,15m,EMA21_PULLBACK_BULL,LONG,86366.64,85900.3216,86996.0,1.35,swing_level,10,26,REJECT,,,61.75,204.6947,25.87,MIXED,13,1.57,1,CLOSED,LOSS,9,85900.3216,26,,2026-10-06,,,,#BTC-1006-PB,2026-10-06T13:35:18.395323+00:00,BTC/USD,NY open,1.35,lab (not sent),LOSS,-1.0,-1.0,-466.3184,0.711,1.092,8422,2026-10-06T15:55:41.237915+00:00,lab,rr_too_low
8710c1a3b4,2026-10-06T14:11:59.285822+00:00,BTC,15m,RSI_DIV_BEAR,SHORT,86132.04,86573.5779,84944.2,2.69,swing_level_sweet,10,22,REJECT,,,52.79,217.6446,25.93,MIXED,14,4.02,0,CLOSED,LOSS,3,86573.5779,22,,2026-10-06,,,,#BTC-1006-2A,2026-10-06T14:11:59.285822+00:00,BTC/USD,NY open,2.69,lab (not sent),LOSS,-1.0,-1.0,-441.5379,0.46,1.046,2785,2026-10-06T14:58:25.264455+00:00,lab,conviction
91e1bb2f77,2026-10-06T14:55:23.784332+00:00,BTC,15m,VWAP_BOUNCE_BULL,LONG,86429.77,85935.061,86996.0,1.14,swing_level,10,19,REJECT,,,59.98,250.5952,22.82,MIXED,14,3.92,0,CLOSED,LOSS,4,85935.061,19,,2026-10-06,,,,#BTC-1006-M6,2026-10-06T14:55:23.784332+00:00,BTC/USD,NY open,1.14,lab (not sent),LOSS,-1.0,-1.0,-494.709,0.543,1.157,3617,2026-10-06T15:55:41.560379+00:00,lab,rr_too_low
2a5f1066d4,2026-10-06T14:55:23.794770+00:00,BTC,15m,EMA21_PULLBACK_BULL,LONG,86429.77,85910.0014,86996.0,1.09,swing_level,10,26,REJECT,,,59.98,250.5952,22.82,MIXED,14,3.92,0,CLOSED,LOSS,4,85910.0014,26,,2026-10-06,,,,#BTC-1006-7X,2026-10-06T14:55:23.794770+00:00,BTC/USD,NY open,1.09,lab (not sent),LOSS,-1.0,-1.0,-519.7686,0.517,1.101,3618,2026-10-06T15:55:41.897035+00:00,lab,rr_too_low
d79824b466,2026-10-06T15:30:34.722448+00:00,BTC,15m,MACD_CROSS_BEAR,SHORT,86270.61,86742.9998,85082.5,2.52,swing_level_sweet,10,35,REJECT,,,53.05,247.5993,20.73,MIXED,15,0.07,0,CLOSED,WIN,41,85082.5,35,,2026-10-06,,,,#BTC-1006-3J,2026-10-06T15:30:34.722448+00:00,BTC/USD,NY mid,2.52,lab (not sent),WIN,2.52,2.515,1188.11,2.708,0.0,37547,2026-10-07T01:56:22.427971+00:00,lab,conviction
7d3de1e0db,2026-10-06T15:35:36.476513+00:00,BTC,1h,VWAP_BOUNCE_BULL,LONG,86389.8,85846.3848,86996.0,1.12,swing_level,10,19,REJECT,,,59.95,412.6759,15.87,MIXED,15,1.6,0,CLOSED,LOSS,0,85846.3848,19,,2026-10-06,,,,#BTC-1006-FA,2026-10-06T15:35:36.476513+00:00,BTC/USD,NY mid,1.12,lab (not sent),LOSS,-1.0,-1.0,-543.4152,0.0,1.269,1506,2026-10-06T16:00:42.969788+00:00,lab,rr_too_low
5991f3e762,2026-10-06T16:36:01.537628+00:00,NQ,15m,EMA21_PULLBACK_BULL,LONG,31536.5,31506.4561,31616.5,2.66,swing_level_sweet,10,10,REJECT,,,54.0,39.313,26.03,HH_HL,16,0.35,0,CLOSED,LOSS,2,31506.4561,10,,2026-10-06,,,,#NQ-1006-G3,2026-10-06T16:36:01.537628+00:00,CON.F.US.ENQ.Z26,NY mid,2.66,lab (not sent),LOSS,-1.0,-1.0,-30.0439,0.416,1.514,2407,2026-10-06T17:16:09.185945+00:00,lab,conviction
3ef9b20965,2026-10-06T16:46:03.323932+00:00,NQ,15m,EMA21_PULLBACK_BULL,LONG,31544.0,31504.5307,31616.5,1.84,swing_level,10,10,REJECT,,,55.27,37.3977,24.05,HH_HL,16,0.05,0,CLOSED,LOSS,2,31504.5307,10,,2026-10-06,,,,#NQ-1006-3V,2026-10-06T16:46:03.323932+00:00,CON.F.US.ENQ.Z26,NY mid,1.84,lab (not sent),LOSS,-1.0,-1.0,-39.4693,0.0,1.343,1806,2026-10-06T17:16:09.516024+00:00,lab,rr_too_low
8dbba5f76b,2026-10-06T17:31:12.926511+00:00,NQ,15m,VWAP_BOUNCE_BULL,LONG,31516.75,31473.3183,31616.5,2.3,swing_level_sweet,10,55,MEDIUM,,scalp (15-90 min) - flat by 4PM ET,49.96,37.1586,22.66,HH_HL,17,0.07,0,CLOSED,LOSS,9,31486.5,55,,2026-10-06,0,0,,#NQ-1006-DU,2026-10-06T17:31:12.926511+00:00,CON.F.US.ENQ.Z26,NY mid,2.3,control,LOSS,-0.696,-0.696,-30.25,0.938,0.8,8633,2026-10-06T19:55:06.688759+00:00,real,
79ad096c56,2026-10-06T17:37:25.683855+00:00,NQ,15m,VWAP_BOUNCE_BULL,LONG,31534.75,31473.0433,31616.5,1.32,swing_level,10,55,MEDIUM,,,53.41,38.5336,22.01,HH_HL,17,0.39,0,CLOSED,LOSS,9,31486.5,55,,2026-10-06,,,,#NQ-1006-5E,2026-10-06T17:37:25.683855+00:00,CON.F.US.ENQ.Z26,NY mid,1.32,lab (not sent),LOSS,-0.782,-0.782,-48.25,0.369,0.855,8261,2026-10-06T19:55:07.268913+00:00,lab,open_call:rr_too_low
5748c28b34,2026-10-06T17:37:25.694974+00:00,NQ,15m,EMA21_PULLBACK_BULL,LONG,31534.75,31469.1899,31616.5,1.25,swing_level,10,10,REJECT,,,53.41,38.5336,22.01,HH_HL,17,0.39,0,CLOSED,LOSS,9,31486.5,10,,2026-10-06,,,,#NQ-1006-VR,2026-10-06T17:37:25.694974+00:00,CON.F.US.ENQ.Z26,NY mid,1.25,lab (not sent),LOSS,-0.736,-0.736,-48.25,0.347,0.805,8261,2026-10-06T19:55:07.633948+00:00,lab,open_call:rr_too_low
7aaac73e06,2026-10-06T17:56:36.044752+00:00,NQ,1h,VWAP_BOUNCE_BULL,LONG,31517.25,31496.7792,31558.1917,2.0,synthesized,10,55,MEDIUM,,,67.28,69.7282,43.82,HH_HL,17,1.92,1,CLOSED,LOSS,1,31496.7792,55,,2026-10-06,,,,#NQ-1006-GT,2026-10-06T17:56:36.044752+00:00,CON.F.US.ENQ.Z26,NY mid,2.0,lab (not sent),LOSS,-1.0,-1.0,-20.4708,1.966,1.014,6409,2026-10-06T19:43:25.430947+00:00,lab,open_call:no_target
f2519cd85a,2026-10-06T18:21:04.087970+00:00,GC,4h,VWAP_BOUNCE_BULL,LONG,4198.5,4164.2262,4276.2,2.27,swing_level_sweet,-4,56,MEDIUM,,,52.27,31.869,13.81,HH_HL,18,0.06,0,CLOSED,LOSS,0,4195.9,56,,2026-10-06,,,,#GC-1006-C2,2026-10-06T18:21:04.087970+00:00,CON.F.US.GCE.Z26,NY close,2.27,lab (not sent),LOSS,-0.076,-0.076,-2.6,0.406,0.12,5643,2026-10-06T19:55:07.975735+00:00,lab,open_call:conviction
fde96e7f90,2026-10-06T18:31:06.147172+00:00,NQ,1h,VWAP_BOUNCE_BULL,LONG,31516.5,31467.204,31615.0919,2.0,synthesized,10,55,MEDIUM,,,67.03,67.7298,43.26,HH_HL,18,0.96,0,CLOSED,LOSS,1,31486.5,55,,2026-10-06,,,,#NQ-1006-MQ,2026-10-06T18:31:06.147172+00:00,CON.F.US.ENQ.Z26,NY close,2.0,lab (not sent),LOSS,-0.609,-0.609,-30.0,0.426,0.7,5042,2026-10-06T19:55:08.322647+00:00,lab,open_call:no_target
0fb1161337,2026-10-06T18:51:11.224098+00:00,NQ,15m,VWAP_BOUNCE_BULL,LONG,31526.0,31498.1872,31616.5,3.25,swing_level,10,55,MEDIUM,,,51.11,35.3142,16.76,HH_HL,18,0.22,0,CLOSED,LOSS,3,31498.1872,55,,2026-10-06,,,,#NQ-1006-RQ,2026-10-06T18:51:11.224098+00:00,CON.F.US.ENQ.Z26,NY close,3.25,lab (not sent),LOSS,-1.0,-1.0,-27.8128,0.413,1.061,3134,2026-10-06T19:43:25.776763+00:00,lab,open_call
3591ab6100,2026-10-06T18:51:11.411870+00:00,GC,4h,VWAP_BOUNCE_BULL,LONG,4200.7,4164.2205,4276.2,2.07,swing_level_sweet,-4,56,MEDIUM,,,52.76,31.8975,13.82,HH_HL,18,0.14,0,CLOSED,LOSS,0,4195.9,56,,2026-10-06,,,,#GC-1006-K2,2026-10-06T18:51:11.411870+00:00,CON.F.US.GCE.Z26,NY close,2.07,lab (not sent),LOSS,-0.132,-0.132,-4.8,0.321,0.167,3837,2026-10-06T19:55:08.673162+00:00,lab,open_call:conviction
a8102b15d1,2026-10-06T19:10:15.765923+00:00,NQ,1h,EMA21_PULLBACK_BULL,LONG,31509.75,31422.8916,31683.4667,2.0,synthesized,10,10,REJECT,,,64.98,65.8026,42.74,HH_HL,19,0.25,0,CLOSED,LOSS,0,31486.5,10,,2026-10-06,,,,#NQ-1006-J6,2026-10-06T19:10:15.765923+00:00,CON.F.US.ENQ.Z26,NY close,2.0,lab (not sent),LOSS,-0.268,-0.268,-23.25,0.256,0.319,2693,2026-10-06T19:55:09.035073+00:00,lab,open_call:no_target
613635d63f,2026-10-06T19:12:17.018303+00:00,NQ,1h,VWAP_BOUNCE_BULL,LONG,31515.75,31492.0895,31563.0711,2.0,synthesized,10,55,MEDIUM,,,66.06,65.8026,42.74,HH_HL,19,0.31,0,CLOSED,LOSS,0,31492.0895,55,,2026-10-06,,,,#NQ-1006-MC,2026-10-06T19:12:17.018303+00:00,CON.F.US.ENQ.Z26,NY close,2.0,lab (not sent),LOSS,-1.0,-1.0,-23.6605,0.687,1.426,2534,2026-10-06T19:54:31.606428+00:00,lab,open_call:no_target
e9bb394331,2026-10-06T19:18:19.240485+00:00,NQ,15m,VWAP_BOUNCE_BULL,LONG,31525.0,31499.7917,31557.5,1.29,swing_level,10,55,MEDIUM,,,50.74,33.5414,15.43,HH_HL,19,0.16,0,CLOSED,LOSS,1,31499.7917,55,,2026-10-06,,,,#NQ-1006-VE,2026-10-06T19:18:19.240485+00:00,CON.F.US.ENQ.Z26,NY close,1.29,lab (not sent),LOSS,-1.0,-1.0,-25.2083,0.05,1.131,1506,2026-10-06T19:43:26.134174+00:00,lab,open_call:rr_too_low
a313cb8bc7,2026-10-06T19:23:20.555909+00:00,NQ,15m,VWAP_BOUNCE_BULL,LONG,31515.5,31499.6739,31557.5,2.65,swing_level_sweet,10,55,MEDIUM,,,48.62,34.1307,15.43,HH_HL,19,0.37,0,CLOSED,LOSS,1,31499.6739,55,,2026-10-06,,,,#NQ-1006-NH,2026-10-06T19:23:20.555909+00:00,CON.F.US.ENQ.Z26,NY close,2.65,lab (not sent),LOSS,-1.0,-1.0,-15.8261,0.679,1.201,1205,2026-10-06T19:43:26.533221+00:00,lab,open_call
cffdc08e3b,2026-10-06T19:23:20.891677+00:00,GC,4h,VWAP_BOUNCE_BULL,LONG,4201.8,4164.0576,4298.6,2.56,swing_level_sweet,-2,56,MEDIUM,,,53.01,32.7118,14.27,HH_HL,19,0.28,0,CLOSED,LOSS,0,4195.9,56,,2026-10-06,,,,#GC-1006-DH,2026-10-06T19:23:20.891677+00:00,CON.F.US.GCE.Z26,NY close,2.56,lab (not sent),LOSS,-0.156,-0.156,-5.9,0.0,0.191,1908,2026-10-06T19:55:09.424186+00:00,lab,open_call:conviction
4332752282,2026-10-06T22:00:17.344073+00:00,NQ,1h,EMA21_PULLBACK_BULL,LONG,31501.0,31425.8508,31616.5,1.54,swing_level,10,10,REJECT,,,62.29,65.6369,40.46,HH_HL,22,0.44,0,OPEN,,,,10,,2026-10-07,,,,#NQ-1006-J9,2026-10-06T22:00:17.344073+00:00,CON.F.US.ENQ.Z26,Asia,1.54,lab (not sent),,,,,,,,,lab,rr_too_low
9b07b85374,2026-10-06T22:00:17.501904+00:00,GC,4h,VWAP_BOUNCE_BULL,LONG,4192.7,4164.0391,4251.1,2.04,swing_level_sweet,-2,56,MEDIUM,,,50.9,32.8047,14.27,HH_HL,22,0.45,0,OPEN,,,,56,,2026-10-07,,,,#GC-1006-QX,2026-10-06T22:00:17.501904+00:00,CON.F.US.GCE.Z26,Asia,2.04,lab (not sent),,,,,,,,,lab,conviction
16f7c845ad,2026-10-06T22:04:52.202044+00:00,NQ,15m,VWAP_BOUNCE_BULL,LONG,31512.75,31482.9384,31616.5,3.48,swing_level,10,55,MEDIUM,,scalp (15-90 min) - flat by 4PM ET,50.12,29.0579,19.05,HH_HL,22,0.11,0,CLOSED,LOSS,11,31482.9384,55,,2026-10-07,0,0,,#NQ-1006-5W,2026-10-06T22:04:52.202044+00:00,CON.F.US.ENQ.Z26,Asia,3.48,control,LOSS,-1.0,-1.0,-29.8116,0.176,1.14,10327,2026-10-07T00:56:59.325187+00:00,real,
c34ca0fe70,2026-10-06T22:07:55.501701+00:00,NQ,1h,VWAP_BOUNCE_BULL,LONG,31515.25,31464.2389,31616.5,1.98,swing_level,10,55,MEDIUM,,,63.73,62.5557,39.43,HH_HL,22,0.05,0,CLOSED,LOSS,3,31464.2389,55,,2026-10-07,,,,#NQ-1006-A6,2026-10-06T22:07:55.501701+00:00,CON.F.US.ENQ.Z26,Asia,1.98,lab (not sent),LOSS,-1.0,-1.0,-51.0111,0.054,1.059,14072,2026-10-07T02:02:28.019989+00:00,lab,open_call:rr_too_low
5d30ea31cc,2026-10-06T22:37:19.814857+00:00,GC,4h,RSI_DIV_BULL,LONG,4192.0,4127.784,4351.6,2.49,swing_level_sweet,-2,3,REJECT,,,50.72,30.7901,13.94,HH_HL,22,0.05,0,OPEN,,,,3,,2026-10-07,,,,#GC-1006-MD,2026-10-06T22:37:19.814857+00:00,CON.F.US.GCE.Z26,Asia,2.49,lab (not sent),,,,,,,,,lab,conviction
bc40e4cb20,2026-10-06T23:11:28.578327+00:00,GC,4h,RSI_DIV_BULL,LONG,4193.2,4127.7268,4351.6,2.42,swing_level_sweet,-6,3,REJECT,,,51.03,30.9329,13.9,MIXED,23,0.11,0,OPEN,,,,3,,2026-10-07,,,,#GC-1006-HQ,2026-10-06T23:11:28.578327+00:00,CON.F.US.GCE.Z26,Asia,2.42,lab (not sent),,,,,,,,,lab,conviction
d6e2febbcd,2026-10-06T23:41:32.579704+00:00,GC,4h,RSI_DIV_BULL,LONG,4193.5,4127.6725,4351.6,2.4,swing_level_sweet,-6,3,REJECT,,,51.11,31.0686,13.9,MIXED,23,0.15,0,OPEN,,,,3,,2026-10-07,,,,#GC-1006-WT,2026-10-06T23:41:32.579704+00:00,CON.F.US.GCE.Z26,Asia,2.4,lab (not sent),,,,,,,,,lab,conviction
27b01631b0,2026-10-07T00:05:41.803295+00:00,GC,1h,RSI_DIV_BEAR,SHORT,4191.9,4217.5471,4130.7,2.39,swing_level_sweet,-6,6,REJECT,,,54.24,12.8678,16.42,MIXED,0,0.06,0,OPEN,,,,6,,2026-10-07,,,,#GC-1006-FW,2026-10-07T00:05:41.803295+00:00,CON.F.US.GCE.Z26,Asia,2.39,lab (not sent),,,,,,,,,lab,conviction
20c42c1544,2026-10-07T00:15:50.702350+00:00,NQ,1h,EMA21_PULLBACK_BULL,LONG,31501.0,31440.1536,31616.5,1.9,swing_level,10,10,REJECT,,,61.56,57.8221,37.6,HH_HL,0,0.08,0,CLOSED,LOSS,1,31440.1536,10,,2026-10-07,,,,#NQ-1006-C2,2026-10-07T00:15:50.702350+00:00,CON.F.US.ENQ.Z26,Asia,1.9,lab (not sent),LOSS,-1.0,-1.0,-60.8464,0.267,1.023,6766,2026-10-07T02:08:37.501309+00:00,lab,open_call:rr_too_low
05653ca3a4,2026-10-07T00:15:50.866770+00:00,GC,4h,RSI_DIV_BULL,LONG,4194.9,4127.6725,4351.6,2.33,swing_level_sweet,-6,3,REJECT,,,51.47,31.0686,13.9,MIXED,0,0.21,0,OPEN,,,,3,,2026-10-07,,,,#GC-1006-QA,2026-10-07T00:15:50.866770+00:00,CON.F.US.GCE.Z26,Asia,2.33,lab (not sent),,,,,,,,,lab,conviction
db60f953dd,2026-10-07T00:25:51.982944+00:00,NQ,15m,VWAP_BOUNCE_BULL,LONG,31506.75,31478.6956,31557.5,1.81,swing_level,10,55,MEDIUM,,,50.51,22.772,16.47,HH_HL,0,0.29,0,CLOSED,LOSS,3,31478.6956,55,,2026-10-07,,,,#NQ-1006-KQ,2026-10-07T00:25:51.982944+00:00,CON.F.US.ENQ.Z26,Asia,1.81,lab (not sent),LOSS,-1.0,-1.0,-28.0544,0.374,1.025,2711,2026-10-07T01:11:03.234499+00:00,lab,open_call:rr_too_low
bc863043bb,2026-10-07T00:29:53.192719+00:00,GC,1h,RSI_DIV_BEAR,SHORT,4188.3,4217.7185,4153.8,1.17,swing_level,-6,6,REJECT,,,52.29,13.2963,16.2,MIXED,0,0.28,0,OPEN,,,,6,,2026-10-07,,,,#GC-1006-W5,2026-10-07T00:29:53.192719+00:00,CON.F.US.GCE.Z26,Asia,1.17,lab (not sent),,,,,,,,,lab,rr_too_low
28202f46d6,2026-10-07T00:42:56.270948+00:00,NQ,15m,VWAP_BOUNCE_BULL,LONG,31513.5,31491.7709,31557.5,2.02,swing_level_sweet,10,55,MEDIUM,,,52.85,22.3954,15.12,HH_HL,0,0.37,0,CLOSED,LOSS,0,31491.7709,55,,2026-10-07,,,,#NQ-1006-3Y,2026-10-07T00:42:56.270948+00:00,CON.F.US.ENQ.Z26,Asia,2.02,lab (not sent),LOSS,-1.0,-1.0,-21.7291,0.173,1.599,843,2026-10-07T00:56:59.647488+00:00,lab,open_call
31a749b0ba,2026-10-07T00:42:56.454993+00:00,GC,1h,RSI_DIV_BEAR,SHORT,4188.9,4217.8614,4130.7,2.01,swing_level_sweet,-6,6,REJECT,,,52.6,13.6535,15.74,MIXED,0,0.49,0,OPEN,,,,6,,2026-10-07,,,,#GC-1006-BX,2026-10-07T00:42:56.454993+00:00,CON.F.US.GCE.Z26,Asia,2.01,lab (not sent),,,,,,,,,lab,conviction
2e7f353a02,2026-10-07T00:46:57.738476+00:00,NQ,1h,EMA21_PULLBACK_BULL,LONG,31514.5,31441.0809,31616.5,1.39,swing_level,10,10,REJECT,,,63.05,58.8221,37.8,HH_HL,0,0.22,0,CLOSED,LOSS,1,31441.0809,10,,2026-10-07,,,,#NQ-1006-78,2026-10-07T00:46:57.738476+00:00,CON.F.US.ENQ.Z26,Asia,1.39,lab (not sent),LOSS,-1.0,-1.0,-73.4191,0.0,1.011,4714,2026-10-07T02:05:32.514923+00:00,lab,open_call:rr_too_low
52732cac4f,2026-10-07T00:46:57.916055+00:00,GC,4h,RSI_DIV_BULL,LONG,4186.2,4127.4897,4351.6,2.82,swing_level_sweet,-6,3,REJECT,,,49.21,31.5258,13.61,MIXED,0,0.3,0,OPEN,,,,3,,2026-10-07,,,,#GC-1006-XZ,2026-10-07T00:46:57.916055+00:00,CON.F.US.GCE.Z26,Asia,2.82,lab (not sent),,,,,,,,,lab,conviction
a1f4ae507f,2026-10-07T00:57:00.440715+00:00,NQ,1h,EMA21_PULLBACK_BULL,LONG,31489.5,31438.7118,31616.5,2.5,swing_level_sweet,10,10,REJECT,,,60.2,59.1436,37.47,HH_HL,0,0.32,0,CLOSED,LOSS,1,31438.7118,10,,2026-10-07,,,,#NQ-1006-VY,2026-10-07T00:57:00.440715+00:00,CON.F.US.ENQ.Z26,Asia,2.5,lab (not sent),LOSS,-1.0,-1.0,-50.7882,0.413,1.088,4480,2026-10-07T02:11:40.718617+00:00,lab,open_call:conviction
bd3220dd25,2026-10-07T00:59:00.849334+00:00,NQ,1h,EMA21_PULLBACK_BULL,LONG,31489.5,31438.7118,31616.5,2.5,swing_level_sweet,10,10,REJECT,,,60.2,59.1436,37.47,HH_HL,0,0.32,0,CLOSED,LOSS,1,31438.7118,10,,2026-10-07,,,,#NQ-1006-MS,2026-10-07T00:59:00.849334+00:00,CON.F.US.ENQ.Z26,Asia,2.5,lab (not sent),LOSS,-1.0,-1.0,-50.7882,0.413,1.088,4360,2026-10-07T02:11:41.095892+00:00,lab,conviction
e6d4ee58cc,2026-10-07T01:11:03.757425+00:00,GC,1h,MACD_CROSS_BEAR,SHORT,4179.9,4201.2063,4130.7,2.31,swing_level_sweet,-7,76,HIGH,,intraday (1-4 hours) - flat by 4PM ET,48.12,13.0211,14.91,MIXED,1,0.16,0,OPEN,,,,76,,2026-10-07,0,0,,#GC-1006-Q2,2026-10-07T01:11:03.757425+00:00,CON.F.US.GCE.Z26,Asia,2.31,control,,,,,,,,,real,
6e6fd4463c,2026-10-07T01:13:09.895009+00:00,GC,4h,RSI_DIV_BULL,LONG,4179.9,4127.3783,4298.6,2.26,swing_level_sweet,-7,3,REJECT,,,47.67,31.8043,13.44,MIXED,1,0.36,0,OPEN,,,,3,,2026-10-07,,,,#GC-1006-4F,2026-10-07T01:13:09.895009+00:00,CON.F.US.GCE.Z26,Asia,2.26,lab (not sent),,,,,,,,,lab,open_call:conviction
362edaf774,2026-10-07T01:25:12.088866+00:00,GC,1h,MACD_CROSS_BEAR,SHORT,4177.5,4201.2535,4152.3,1.06,swing_level,-7,76,HIGH,,,47.0,13.1782,14.73,MIXED,1,0.27,0,OPEN,,,,76,,2026-10-07,,,,#GC-1006-MJ,2026-10-07T01:25:12.088866+00:00,CON.F.US.GCE.Z26,Asia,1.06,lab (not sent),,,,,,,,,lab,open_call:rr_too_low
d81f839e89,2026-10-07T01:35:13.588388+00:00,NQ,15m,VWAP_BOUNCE_BULL,LONG,31500.0,31479.2757,31557.5,2.77,swing_level_sweet,10,55,MEDIUM,,scalp (15-90 min) - flat by 4PM ET,48.97,22.3714,15.04,HH_HL,1,0.23,0,CLOSED,LOSS,1,31479.2757,55,,2026-10-07,0,0,,#NQ-1006-ST,2026-10-07T01:35:13.588388+00:00,CON.F.US.ENQ.Z26,Asia,2.77,control,LOSS,-1.0,-1.0,-20.7243,0.0,1.87,1634,2026-10-07T02:02:28.377397+00:00,real,
f2202d7a80,2026-10-07T01:36:19.201672+00:00,NQ,1h,EMA21_PULLBACK_BULL,LONG,31500.0,31443.6684,31616.5,2.07,swing_level_sweet,10,10,REJECT,,,61.51,56.919,36.45,HH_HL,1,0.16,0,CLOSED,LOSS,0,31443.6684,10,,2026-10-07,,,,#NQ-1006-PJ,2026-10-07T01:36:19.201672+00:00,CON.F.US.ENQ.Z26,Asia,2.07,lab (not sent),LOSS,-1.0,-1.0,-56.3316,0.0,1.061,1753,2026-10-07T02:05:32.876588+00:00,lab,conviction
887d1c285f,2026-10-07T01:46:20.555681+00:00,NQ,1h,EMA21_PULLBACK_BULL,LONG,31492.0,31442.8447,31616.5,2.53,swing_level_sweet,10,10,REJECT,,,60.39,57.2405,36.45,HH_HL,1,0.21,0,CLOSED,LOSS,0,31442.8447,10,,2026-10-07,,,,#NQ-1006-HJ,2026-10-07T01:46:20.555681+00:00,CON.F.US.ENQ.Z26,Asia,2.53,lab (not sent),LOSS,-1.0,-1.0,-49.1553,0.0,1.053,1152,2026-10-07T02:05:33.231225+00:00,lab,open_call:conviction
3c50cdb2ec,2026-10-07T01:46:20.708052+00:00,GC,1h,MACD_CROSS_BEAR,SHORT,4177.8,4201.2642,4130.7,2.01,swing_level_sweet,-7,76,HIGH,,,47.14,13.214,14.69,MIXED,1,0.54,0,OPEN,,,,76,,2026-10-07,,,,#GC-1006-84,2026-10-07T01:46:20.708052+00:00,CON.F.US.GCE.Z26,Asia,2.01,lab (not sent),,,,,,,,,lab,open_call
cc6df0c828,2026-10-07T01:46:20.733280+00:00,GC,4h,RSI_DIV_BULL,LONG,4177.8,4127.3011,4298.6,2.39,swing_level_sweet,-7,3,REJECT,,,47.18,31.9972,13.33,MIXED,1,0.45,0,OPEN,,,,3,,2026-10-07,,,,#GC-1006-69,2026-10-07T01:46:20.733280+00:00,CON.F.US.GCE.Z26,Asia,2.39,lab (not sent),,,,,,,,,lab,open_call:conviction
d15887dc57,2026-10-07T01:56:22.280503+00:00,GC,1h,MACD_CROSS_BEAR,SHORT,4174.9,4201.3328,4144.2,1.16,swing_level,-7,76,HIGH,,,45.85,13.4425,14.79,MIXED,1,0.66,0,OPEN,,,,76,,2026-10-07,,,,#GC-1006-7Y,2026-10-07T01:56:22.280503+00:00,CON.F.US.GCE.Z26,Asia,1.16,lab (not sent),,,,,,,,,lab,open_call:rr_too_low
6d720e7398,2026-10-07T03:20:58.503416+00:00,NQ,1h,EMA21_PULLBACK_BULL,LONG,31462.5,31413.5495,31616.5,3.15,swing_level,10,10,REJECT,,,54.83,54.8349,32.07,HH_HL,3,0.09,0,OPEN,,,,10,,2026-10-07,,,,#NQ-1006-WP,2026-10-07T03:20:58.503416+00:00,CON.F.US.ENQ.Z26,Asia,3.15,lab (not sent),,,,,,,,,lab,conviction
5a44c4d6e1,2026-10-07T03:51:02.920928+00:00,NQ,1h,EMA21_PULLBACK_BULL,LONG,31474.25,31413.4424,31616.5,2.34,swing_level_sweet,10,10,REJECT,,,56.56,55.192,32.07,HH_HL,3,0.16,0,OPEN,,,,10,,2026-10-07,,,,#NQ-1006-E5,2026-10-07T03:51:02.920928+00:00,CON.F.US.ENQ.Z26,Asia,2.34,lab (not sent),,,,,,,,,lab,conviction
2a68c4ed36,2026-10-07T03:51:03.116449+00:00,BTC,1h,BB_REVERSION_BULL,LONG,84175.02,83419.5568,86132.16,2.59,swing_level_sweet,8,35,REJECT,,,30.97,438.1439,19.75,HH_HL,3,0.77,0,OPEN,,,,35,,2026-10-07,,,,#BTC-1006-XX,2026-10-07T03:51:03.116449+00:00,BTC/USD,Asia,2.59,lab (not sent),,,,,,,,,lab,conviction
6fd08725f3,2026-10-07T04:11:06.040424+00:00,NQ,15m,VWAP_BOUNCE_BULL,LONG,31480.0,31459.93,31521.0,2.04,swing_level_sweet,10,55,MEDIUM,,scalp (15-90 min) - flat by 4PM ET,49.11,21.6002,19.92,HH_HL,4,0.34,0,OPEN,,,,55,,2026-10-07,0,0,,#NQ-1007-33,2026-10-07T04:11:06.040424+00:00,CON.F.US.ENQ.Z26,Asia,2.04,control,,,,,,,,,real,
d8f449d866,2026-10-07T04:32:23.950389+00:00,NQ,1h,EMA21_PULLBACK_BULL,LONG,31481.25,31429.2007,31616.5,2.6,swing_level_sweet,10,10,REJECT,,,57.58,52.6643,30.18,HH_HL,4,0.06,0,OPEN,,,,10,,2026-10-07,,,,#NQ-1007-5U,2026-10-07T04:32:23.950389+00:00,CON.F.US.ENQ.Z26,Asia,2.6,lab (not sent),,,,,,,,,lab,open_call:conviction
499ef23943,2026-10-07T04:42:25.189823+00:00,NQ,1h,VWAP_BOUNCE_BULL,LONG,31478.25,31434.4671,31616.5,3.16,swing_level,10,55,MEDIUM,,,57.14,52.6643,30.18,HH_HL,4,0.07,0,OPEN,,,,55,,2026-10-07,,,,#NQ-1007-HR,2026-10-07T04:42:25.189823+00:00,CON.F.US.ENQ.Z26,Asia,3.16,lab (not sent),,,,,,,,,lab,open_call
